"label","field_name"
"chkStateNotIsuee","chkW8"
"txtThereIsNoTin","chkW9"
"~ אתה או משפחתך לא כיהן בתפקיד בכיר  ב5 שנים האחרונות","chkNotSeniorPositionPast5Years"
"~ הכספים בחשבון לא מוחזקים עבור אדם אחר שאינו מקבל שירות","chkNotFundsInAccountHeldForAnotherPerson"
"~ המבוטח לא מבצע את הפעילות עבור אדם אחר שאינו מקבל שירות","chkNotInsuredPerformsTheActivityForAnotherPerson"
"~ לא אדם אחר שאינו מקבל שירות מכוון את הפעילות בחשבון","chkNotAnotherPersonDirectsTheActivityInAccount"
"~ לא מתוכננות הפקדות מצד גורם אחר בחשבון","chkNotDepositsPlannedByAnotherPartyInAccount"
"אברך","chkPersonStatus_y"
"אברך/תלמיד ישיבה","chkNotOwnerStatus_y"
"אדם אחר שאינו מקבל שירות מכוון את הפעילות בחשבון","chkAnotherPersonDirectsTheActivityInAccount"
"אופן גביית העמלות","chkKindChargingFees"
"אופן הפקדה","chkDepositMode"
"אופן חיוב העמלות","chkKindCollectionCommissions"
"אופן משיכת הכספים","chkKindExpectedStrokes_"
"אזרח ארה""ב","chkCitizenUSA_yes"
"אזרח ישראלי לשעבר","chkFormerCitizen"
"אזרחות זרה","chkForeignerCitizent"
"אזרחות ישראלית","chkIsraelCitizent"
"אזרחות ישראלית וזרה","chkIsraelAndForeignerCitizent"
"אזרחות, מקור הכנסה, עסקים או מגורים באחת המדינות הבאות","chkInOneOfTheseCountries"
"אחוז בעלות על הנכס","txtPercentageOwnerShip"
"אחוז העברה","txtPercentTransfer"
"אחוז הפקדה","txtDepositPercent"
"אחוז הפקדה מסלול חד פעמי","txtPercentageOfDepositOnce"
"אחוז הפקדה מסלול חודשי - אחוז מסלול - מסלול הפקדות שוטפות","txtPercentageOfDeposit"
"אחוז הפקדה מסלול תגמולים","txtPersonMaslulTagmulPercent_"
"אחוז הפקדה שוטפת","txtPercentageOfCurrentDeposit"
"אחוז הפקדה שוטפת מסלול פיצויים","txtPercentageOfDepositPizuim_"
"אחוז הפקדה שוטפת מסלול תגמולים","txtPercentageOfDepositTagmul_"
"אחוז השקעה בפיצוים","txtPercentageOfInvestmentInCompensation"
"אחוז השקעה בתגמולים","txtPercentageOfInvestmentInRewards"
"אחוז השקעה חד פעמית","txtOneTimeInvestmentPercentage"
"אחוז השקעה שוטפת","txtPercentageOfCurrentInvestment"
"אחוז מסך היתרה - לא מסלולים","txtPercentageOfTotalBalance"
"אחוז מסלול לקוח / שיעור אחזקה","txtPersonMaslulPercent_"
"אחוז צבירה","txtAccrualPercentage"
"אחוזים","txtPersonRelationShipPercent"
"אחר","chkOther"
"אחר - טקסט","txtOther"
"אחר - סימון","chkOther"
"אחר תושב חוץ","chkOtherExpatriate"
"אחר- תאגיד","chkOtherTaagid"
"אחר- תאגיד אנגלית","chkOtherTaagidEnglish"
"אחר-לא תושב חוץ","chkOtherNotExpatriate"
"אין הוראת קבע","chkThereIsNoStandingOrder"
"אין הפקדות צפויות","chkNoExpectedDeposits"
"איש ציבור","chkPersonBusinessPartnerPublicFigure"
"איש ציבור זר","chkForeignPublicMan"
"איש ציבור מקומי","chkLocalPublicMan"
"איש ציבור-טקסט","txtPersonBusinessPartnerPublicFigure"
"איש קשור למנהל התיקים","chkConnectToFileManagment"
"איש קשר מעסיק","txtPersonEmployerContactFullName"
"אישור בן\בת זוג לביצוע חיתום","chkSpouseApprovalForUnderwriting"
"אישור בעלות חשבון","chkIshurHeshbon"
"אישור לניכוי הלוואה","chkApprovalForLoanDeduction"
"אישור לניכוי מס","chkTaxDeductionAuthorization"
"אישור מס הכנסה","txtIrsApproval"
"אישור מעסיק","chkEmployerConfirmation"
"אישור קבלת בהודעת טקסט / מסרון","chkSms"
"אישור קבלת דואר דיגיטלי","chkDigitalPost"
"אישור קבלת דואר ישראל","chkIsraelPost"
"אישור קבלת סמס","chkSms"
"אלמן","chkPersonMaritalStatus_w"
"אלמן-אחר","chkOtherMaritalStatus_w"
"אני או בן/בת זוגי יצאנו לחופשה ללא תשלום (פטור ממס)","chkPtorUnpaidVacation"
"אני או בן/בת זוגי פוטרנו מהעבודה (פטור ממס)","chkPtorFiredFromWork"
"אסמכתא מוטב","txtAsmahtaMutav"
"אף פעם לא עישנתי","chkPersonNeverSmoke"
"אפוטרופוס אבא-חתימה","imgApotFatherSignature"
"אפוטרופוס אבא-ת.ז","txtApotFatherID"
"אפוטרופוס אבא-תאריך לידה","txtApotFatherBirthDate"
"אפוטרופוס אמא-חתימה","imgApotMotherSignature"
"אפוטרופוס אמא-ת.ז","txtApotMotherID"
"אפוטרופוס אמא-תאריך לידה","txtApotMotherBirthDate"
"אפוטרופוס בית","txtApotHouseNumber"
"אפוטרופוס דירה","txtApotApartmentNumber"
"אפוטרופוס מיקוד","txtApotApartmentPostalCode"
"אפוטרופוס עיר","txtApotCity"
"אפוטרופוס רחוב","txtApotStreet"
"אפוטרופוס שם משפחה","txtOptionalApotLastName"
"אפוטרופוס שם פרטי","txtOptionalApotFirstName"
"אפוטרופוס- אבא שם מלא","txtApotFatherFullName"
"אפוטרופוס- אבא שם מלא+ת.ז","txtApotFatherFullNameAndID"
"אפוטרופוס- אמא שם מלא","txtApotMotherFullName"
"אפוטרופוס- אמא שם מלא+ת.ז","txtApotMotherFullNameAndID"
"אפוטרופוס- תושב","chkApotResident"
"אפוטרופוס- תושב חוץ","chkApotExpatriate"
"אפשרויות משיכה נוספות","chkAttractionOptions"
"ארץ","txtPersonCountry"
"ארץ אזרחות","txtPersonCountryOfCitizenship"
"ארץ התאגדות","txtCountryOfIncorporation"
"ארץ התאגדות צק'","chkCountryOfIncorporation"
"ארץ לידה","txtCountryOfBirth"
"ארץ לידה ארה""ב","chkCountryOfBirthUSA"
"ארץ לידה לא ארה""ב","chkCountryOfBirthNotUSA"
"ארץ תושבות","txtPersonCountryOfResidency"
"אש לא קשור למנהל התיקים","chkNotConnectToFileManagment"
"אתה או משפחתך כיהן בתפקיד בכיר  ב5 שנים האחרונות","chkSeniorPositionPast5Years"
"אתר האינרטרנט של החברה","txtCompanyWebsiteURL"
"באופן יחסי לפי שיעור הצבירה","txtInProportionToRateOfAccrual"
"באופן עצמאי","chkIndependentWay"
"באמצעות חברת הביטוח","chkCompanyInsurence"
"באמצעות סוכן הביטוח","chkAgentInsurence"
"בבעלותי גרין קארד","chkGreenCard"
"בהתאם לסוג קופת גמל","chkDependingOnTypeOfProvidentFund"
"בונוס","txtPersonBonus"
"בוצע ע""י","txtDoneBy"
"בחירת מסלול","chkPersonMaslul"
"בחירת מסלול ברירת מחדל","chkPersonMaslulTagmulMehdal_0"
"בחירת מסלול לאחר בחירת מסלול כספי","chkPersonMaslulCaspiChangeMaslul_"
"בחירת מסלול ספציפי לאחר תקופת הבחירה","chkPersonMaslulSpecificAfterBhira"
"בחירת מסלול תלוי גיל לאחר תקופת הבחירה","chkPersonMaslulTluiGilAfterBhira"
"ביטוח חיים","chkLifeInsurance"
"ביטוח לאומי","chkSocialSecurity"
"ביטוח עד גיל טקסט","txtInsuranceUpToAge"
"ביטוח עד גיל צ'ק","chkInsuranceUpToAge"
"ביטוח פנסיוני / ביטוח מנהלים","chkBituahPensiyoni"
"ביטול הוראת קבע","chkCancellationOfAStandingOrder"
"ביטול הפוליסה הקיימת","chkCancelInsurance"
"ביטול הרשאה","chkRevokeAuthorization"
"ביטול תקופת הביטוח","chkCancelInsurancePeriod"
"ביצוע פעולות בשם הלקוח","chkAnInsuranceAgentWillDoingAction"
"ביצוע פעולות בשם הלקוח קנייה ומכירה ני""ע","chkAnInsuranceAgentWillDoingActionBuySell"
"בית","txtPersonNotOwnerHouseNumber"
"בכל מסלולי ההשקעה","chkPersonAllTheInvestmentTracks"
"בכל מרכיבי החשבון ברירת מחדל","chkPersonComponentFull"
"בלון","chkBalon"
"בן משפחה","chkFamily"
"בן משפחה - טקסט(מיועד רק למוטבים)","txtFamilyMember"
"בן משפחה - סימון(מיועד למוטבים)","chkFamilyMember"
"בן משפחה זכר","chkFamilyMemberMale"
"בן משפחה נקבה","chkFamilyMemberFemale"
"בעל הפוליסה הוא המבוטח","chkThePolicyHolderIsTheInsured"
"בעל הפוליסה הוא לא המבוטח","chkThePolicyHolderIsNoTheInsured"
"בעל חברה","chkCompanyOwner"
"בעל מניות","chkShareholder"
"בעל עסק","chkBusinessOwner"
"בעל פוליסה יחיד","chkHolderOfSinglePolicy"
"בעל פוליסה תאגיד","chkCorporatePolicyHolder"
"בעל רישיון מצהיר","chkLicenseeDeclares"
"בעל רשיון אינו מצהיר","chkLicenseeDoesNotDeclare"
"בעל שליטה","chkRuler"
"בעלי תאגיד","chkControllingShareholders"
"בקשה להיוון קצבה","chkIvunKizva"
"בקשה להנפקת המחאה בנקאית במט""ח","chkRequestForIssuanceChekMatah"
"בקשה להסרת מידע","chkRequestForRemovalOfInformation"
"בקשה להעברת מטח בארץ/בחו""ל","chkRequestForTransferMatah"
"בקשה להעברת שקל לחו""ל","chkRequestForTransferShekel"
"בקשה ליפוי כוח","chkForceMappingRequest"
"בקשה למינוי סוכן","chkApplicationForAppointmentOfAgent"
"בקשה למשיכה כספים אחרי שעברו 4 חודשים","chkAfter4Month"
"בקשה למשיכה כספים בהגעה לגיל פרישה","chkWithdrawalRetirementAge"
"בקשה למשיכה כספים טרם עברו 4 חודשים","chkBefore4Month"
"בקשת עמית","chkPersonRequest"
"בתוספת ריבית נומינלית","chkPlusNominalInterest"
"בתוספת ריבית צמודה","chkPluslinkedInterest"
"גבייה על ידי החברה","chkCollectionCompany"
"גבייה על ידי המעסיק","chkCollectionEmployer"
"גבייה שוטפת באמצעות הוראת קבע","chkCollectionDirectDebit"
"גבייה שוטפת באמצעות כרטיס אשראי","chkCollectionCredit"
"גובה","txtHeight"
"גודל של הנכס","txtPropertySize"
"גורם משלם","chkGoremMeshalem"
"גיל","txtPersonAge"
"גיל 60 ומעלה","chkGil60"
"גיל 60 ומעלה והיקף עבודתי ירד בחצי","chkGil60HalfWork"
"גיל 60 ומעלה וותק החשבון 5 שנים","chkGil60Vetek5"
"גיל 60 ומעלה ופרישה לגמלאות","chkGil60Gimlaut"
"גיל פרישה במסלול","txtRetirementAgeMaslul"
"גיל פרישה במסלול ביטוח 60 (פנסיה)","chkPersonMaslulBituah_RetireAge60"
"גיל פרישה במסלול ביטוח 62 (פנסיה)","chkPersonMaslulBituah_RetireAge62"
"גיל פרישה במסלול ביטוח 64 (פנסיה)","chkPersonMaslulBituah_RetireAge64"
"גיל פרישה במסלול ביטוח 67 (פנסיה)","chkPersonMaslulBituah_RetireAge67"
"גיל פרישה במסלול(צקבוקס)","chkRetirementAgeMaslul"
"גיל פרישה צפוי","txtRetiredAgeExpected"
"גמל","chkGemel"
"גמל להשקעה","chkGemelAshkaa"
"גר אצל ההורים ילד","chkLiveParentsHouse"
"גרוש","chkPersonMaritalStatus_d"
"גרוש-אחר","chkOtherMaritalStatus_d"
"גרייס","chkGrace"
"דוא""ל","txtPersonMail"
"דוא""ל הסוכנות","txtAgencyMail"
"דוא""ל מעסיק","txtPersonEmployerMail"
"דוא""ל- אחר","txtMailOther"
"דוגמת חתימה","imgSignatureExample"
"דיבידנד","txtPersonDividend"
"דירה","txtPersonNotOwnerHouseApartmant"
"דירה-אחר","txtApartmentNumberOther"
"דירה-אחר אנגלית","txtApartmentNumberOtherEnglish"
"דמי ניהול למסלול","txtPersonDmynihulZviraForMaslul_"
"דמי ניהול מהביטוח","txtManagementFeesFromTheInsurance"
"דמי ניהול מההפקדה השוטפת","chkManagementFeesFromCurrentDeposit"
"דמי ניהול מהחיסכון המצטבר","chkManagementFeesFromTheCumulativeSavings"
"דמי ניהול מהחיסכון המצטבר אחוזים","txtManagementFeesFromTheCumulativeSavingsPrecent"
"דמי ניהול מהפקדה","txtPersonDmynihulHafkada"
"דמי ניהול מצבירה","txtPersonDmynihulZvira"
"דמי ניהול קבועים","chkManagementFeesPermanent"
"דמי ניהול קרן פנסיה","txtManagementFeesPension"
"דמי ניהול שנתיים","txtDmynihulYears"
"האם יש צפי לקבלת ירושה בעתיד","txtYerushaExpected"
"הגוף המקבל","txtAcceptCompany"
"הגורם המשלם","chkThePayingAgent"
"הגעה לגיל פרישה","chkVetekRetiredAge"
"ההכנסה שלי או בן/בת זוג נמוכה משנת המס הקודמת","chkPtorLowIncome"
"הוצאה שנתית מהנדל""ן","txtAnnualExpenditure"
"הוראה חדשה","chkNewHoraa"
"הוראת קבע חדשה","chkNewDirectDebit"
"הוראת קבע קיימת","chkExistingDirectiveExists"
"הזיקה לעמית","txtAffinityToColleague"
"החזר חודשי","txtMonthlyRefund"
"החלפת פוליסת הביטוח","chkChangePolisa"
"הטבות מס","chkTaxBenefits"
"היכן מנוהל/מקום ניהול","txtProductManangmentPlace"
"היקף ההוצאה","txtRiskInsuranceType"
"היקף הנכסים לשנת המס","txtPersonTheVolumeOfAssets"
"היקף פעילות צפוי","chkExpectedScopeOfActivity_"
"הכנסה אחרת","chkOtherIncome"
"הכנסה שנתית מהנדל""ן","txtAnnualRevenue"
"הכנסה שנתית מעל 1.2 מיליון","chkPersonAnnualIncome"
"הכספים בחשבון מוחזקים עבור אדם אחר שאינו מקבל שירות","chkFundsInAccountHeldForAnotherPerson"
"הכספים בפוליסה יופקדו עבור גורם אחר","chkFundsInPolicyWillbeDepositedForAnotherEntity"
"הלוואה","chkAshraiAlvaa"
"הלוואה בקיזוז הלוואה קיימת","chkKizuzLoan"
"הלוואה חדשה","chkNewLoan"
"הלוואה כנגד כספים לא נזילים","chkLoanNotNazil"
"המבוטח מבצע את הפעילות עבור אדם אחר שאינו מקבל שירות","chkInsuredPerformsTheActivityForAnotherPerson"
"המס שנוכה","txtDeducatedTax"
"המשך הפקדות חודשיות","chkContinueMonthlyDeposits"
"המשכת תשלומים","chkContinuedPayments"
"הנהנה איש ציבור","txtNoddedPublicFigure"
"הנהנה לא איש ציבור","txtNoddedNotPublicFigure"
"הנהנה לא איש ציבור צק","chkNoddedNotPublicFigure"
"הנהנה לא תושב חוץ","chkNoddedNotExpatriate"
"הנהנה תושב חוץ","chkNoddedExpatriate"
"הנהנים בפוליסה","chkPolicyBeneficiaries"
"הנכס מספיק / הולם את צרכי המשפחה","txtPropertyEnough"
"הסכם הלוואה","txtLoanAgreement"
"הסכמה","chkAccept"
"הסכמת המעסיק","chkEmployerAccept"
"הסכמת מעסיק","chkEmployerAgreemant"
"העברה אינה חייבת במס","chkTransferNotRequiredTax"
"העברה באמצעות שיק","chkChek"
"העברה בלבד","chkTransferOnly"
"העברה במזומן","txtCashTransfer"
"העברה במטבע זר","chkForeignCurrencyTransfer"
"העברה בניירות ערך","txtSecuritiesTransfer"
"העברה בנקאות","chkTashlumDirectDebit"
"העברה בנקאית","chkBankTransfer"
"העברה והפקדות","chkTransferAndDeposits"
"העברה ושוטף","chkTransferAndCurrent"
"העברה חייבת במס","chkTransferRequiredTax"
"העברה למודל","chkTransferModel"
"העברה מחשבון בנק בחו""ל","chkTransferFromBankAccountAbroad"
"העברה מלאה ממגוון פרט","chkFullTransferFromVarietyDetails"
"העברה מקופה אחרת","chkHaavaraOtherKupa"
"העברה מתום הביטוח","chkTransferFromEndOfInsurance"
"העברה צבירה מתגמולים","txtPercentageOfDepositOnceTagmul_"
"העברת הפדיון- 05לחודש","chkHavara05Month"
"העברת הפדיון- 10לחודש","chkHavara10Month"
"העברת הפדיון- 20לחודש","chkHavara20Month"
"העברת הפקדה","txtPercentageOfDeposit_"
"העברת הפקדה מפיצויים","txtPercentageOfDepositPizuim"
"העברת הפקדה מתגמולים","txtPercentageOfDepositTagmul_"
"העברת חלק מהסכום","chkPartOfTheAmount"
"העברת כספים בלבד","chkTransferOfFundsOnly"
"העברת מלוא הסכום","chkTheFullAmount"
"העברת צבירה","txtPercentageOfDepositOnce_"
"העברת צבירה מפיצויים","txtPercentageOfDepositOncePizuim_"
"העיר שממוקם הנכס","txtPropertyCity"
"העסק נמצא בישראל","chkBuisnessInIsrael"
"העסק נמצא מחוץ לישראל","chkBuisnessNotInIsrael"
"הפניקס חברה לביטוח בעמ","chkPhoenixInsurenceCompany"
"הפניקס פנסיה וגמל","chkPhoenixPensionAndProvident"
"הפניקס קרנות פנסיה מאוזנות וותיקות","chkPhoenixPensionFundsBalancedAndOld"
"הפסקת הפקדות לקופה המקבלת","chkPersonTerminationOfDeposits"
"הפסקת תשלומים","chkTerminationOfpayments"
"הפקדה בהעברה בנקאית","chkHafkadaHaavara"
"הפקדה בשיק","chkHafkadaChek"
"הפקדה חד פעמית","chkHafkadaHadPeami"
"הפקדה חודשית","chkHafkadaShotef"
"הפקדה חודשית טקסט","txtMonthlyDeposit"
"הפקדה חודשית סימון","chkMonthlyDeposit"
"הפקדה מעביד","txtEmployerDeposit"
"הפקדה עובד","txtEmployeeDeposit"
"הפקדה פיצויים","txtPizuimDeposit"
"הפקדה שוטפת","chkHafkadaShotef"
"הפקדה שוטפת באמצעות הוראת קבע","chkHafkdaShotefetDirectDebit"
"הפקדה שוטפת באמצעות כרטיס אשראי","chkHafkdaShotefetCredit"
"הפקדה שוטפת- חודשית","chkHafkdaShotefet_M"
"הפקדה שוטפת- חצי שנתית","chkHafkdaShotefet_H"
"הפקדה שוטפת- רבעונית","chkHafkdaShotefet_Q"
"הפקדה שוטפת- שנתית","chkHafkdaShotefet_Y"
"הפקדה שנתית","chkyearlyDeposit"
"הפקדות בלבד","chkDepositsonly"
"הפקדות חד פעמיות","chkOneTimeDeposits_"
"הפקדות חד פעמיות צפויות-אף פעם לא","chkOneTimeDeposits_Nerver"
"הפקדות חד פעמיות צפויות-הפקדות מחו""ל","chkOneTimeDeposits_Abroad"
"הפקדות חד פעמיות צפויות-לעיתים מזדמנות","chkOneTimeDeposits_Casual"
"הפקדות חד פעמיות צפויות-לעיתים רחוקות","chkOneTimeDeposits_Seldom"
"הפקדות צפויות ממדינה זרה","chkExpectedDepositsFromAForeignCountry"
"הפקדות שוטפות","chkCurrentDeposits"
"הפקדות שוטפות בלבד ללא הצבירה הקיימת","chkHafkadotOnly"
"הפקדת כספים כדין","chkLegalDepositOfFunds"
"הצהרה","chkDisclaimer"
"הצהרת הבנק","chkBankDisclaimer"
"הצהרת המעסיק","chkEmployerDeclaration"
"הצהרת הקופה המעבירה","chkMovingDeciaration"
"הצהרת יבואן","chkImporterDisclaimer"
"הצהרת לקוח לצורך מס הכנסה","chkPersonDisclaimerTax"
"הצהרת עמית","chkPersonStatement"
"הצטרפות בלבד","chkIztarfutOnly"
"הצטרפות במסגרת הליך שווק פנסיוני","chkWithShivukPension"
"הצטרפות והעברה","chkIztarfutAndHaavara"
"הצטרפות ללא הליך שווק פנסיוני","chkWithoutShivukPension"
"הקדש","chkDedicate"
"הרשאה כללית","chkHoraatKevaArshaaKlalit"
"הרשאה ל10 שנים או פחות","chkPermissionFor10YearsOrLess"
"הרשאה לתקופה קצרה","chkPermissionForShortPeriod"
"הרשאה עם לפחות הגבלה אחת","chkArshaaKlalitMugbelet"
"השקעה לטווח ארוך","chkLongTermInvestment_"
"השקעה לטווח קצר\בינוני","chkShortTermInvestment_"
"השתלמות","chkHishtalmut"
"וויתור כיסוי ביטוחי","chkWaiverInsuranceCoverage"
"וותק בחשבון מעל 6 שנים","chkVetek6Up"
"וותק בחשבוני מעל 15 שנים","chkVetek15"
"וותק החשבון מעל 3 שנים והגעה לגיל פרישה","chkHazharaAccountSeniorityAbove3RetirementAge"
"וותק החשבון מעל 3 שנים לצרכי השתלמות","chkHazharaAccountSeniorityAbove3Hishtalmut"
"וותק החשבון מעל 6 שנים","chkHazharaAccountSeniorityAbove6"
"ויתור על כיסוי ביטוחי לבן\בת זוג וילדים מעל ל60","chkWaiverCoverToSecondPersonAndKidAbove60"
"ויתור על כיסוי ביטוחי למקרי מוות לבן\בת זוג וילדים מתחת ל60","chkWaiverDeathCoverToSecondPersonAndKidUder60"
"ויתור על כיסוי ביטוחי למקרי מוות לבן\בת זוג מתחת ל60","chkWaiverDeathCoverToSecondPersonUder60"
"ויתור על כיסוי ביטוחי לסיכוני נכות מעל 60","chkWaiverDisabilityRiskCoverAbove60"
"ויתור על כיסוי ביטוחי תקופת אכשרה","chkWaiverInsuranceCoverageAcshara"
"ויתור על כספי מרכיב פיצויים","chkWaiverPizuimMoney"
"זיכוי חשבון","chkAccountCredit"
"זיקה לישראל -טקסט","txtAffinityToIsrael"
"זיקה לנותן המתנה","txtAffinityForTheGiftGiver"
"זיקה לתאגיד","txtAffinityToCorporation"
"זכאות לנכות של 75 אחוז ומעלה","chkZacaut75Necut"
"זכר","chkPersonNotOwnerMale"
"זכר בן זוג","chkSecondPersonMale"
"זכר ילד","chkKidMale"
"זכר- מבוטח","chkInsureMale"
"זכר-אחר","chkMaleOther"
"זכר/נקבה","txtPersonMaleOrFemale"
"ח.פ","txtPersonEmployerID"
"ח.פ גוף מנהל","txtInstitueNumber"
"חבר קופת חולים","chkKupatHolimMember_Yes"
"חבר קיבוץ","chkKibutzMember_Yes"
"חודש חתימה","txtSignatureMonth"
"חוסה","chkPersonStatus_ho"
"חופשה","chkHoliday"
"חותמת -אחר","imgAnotherStamp"
"חותמת הסוכנות","imgAgencyStamp"
"חותמת מעסיק","imgEmployerStamp"
"חותמת תאריך","imgStampDate"
"חותמת תאריך קבלת הבקשה","imgDateOfReceipOfApplication"
"חייל \ מתנדב","chkPersonStatus_so"
"חיסכון במכשיר עם הטבות מס","chkSavingDeviceWithTaxBenefits"
"חיסכון לדירה","chkSavingsFotTheApartment_"
"חיסכון לילד\נכד","chkChildSavings_"
"חיסכון לפרישה","chkRetirementSavings_"
"חיסכון מצטבר","chkAccumulatedSavings_"
"חיסכון צבור","txtAccumulatedSavings_"
"חלק ב-%","txtFamilyMemberPercentageShare_"
"חלק ב-%-צ'ק","chkFamilyMemberPercentageShare_"
"חלק בש""ח","chkNis"
"חלק מהחשבונות","chkPartOfAccount"
"חלק מזערי מהלקוחות מחו""ל","chkSmallProportionOfCustomersFromAbroad"
"חלק ניכר מהלקוחות מחו""ל","chkSignificantProportionOfCustomersFromAbroad"
"חסכון לבר מצווה","chkBarMichva"
"חסכון לטווח ארוך","chkLongTermSaving"
"חסכון לטווח בינוי","chkMediumTermSaving"
"חסכון לטווח קצר","chkShortTermSaving"
"חסכון לילד","chkSavingForAchild"
"חסכונות","chkSavings"
"חשבון המעקל","chkBrokerAccount"
"חשבון הנאמן בפשיטת רגל","chkLoyalAccount"
"חשבון מוחזק ע""י אדם אחר עבורי","chkHoldForMeBy"
"חשבון על שמי","chkAnAccountOfMyName"
"חתונה","chkMarriage"
"חתימה","imgPersonNotOwnerSignature"
"חתימה  - אחר  / נהנים","imgOtherSignature"
"חתימה  - אחר אנגלית","imgOtherSignatureEnglish"
"חתימה אופציונאלית לקוח","imgOptionalPersonSignature"
"חתימה אפוטרופוס","imgApotSignature"
"חתימה בעלי החשבון","imgHeshbonBank"
"חתימה וחותמת בנק","imgBankSignatureAndStamp"
"חתימה וחותמת סוכן / מתכנן","imgAgentSignatureAndStamp"
"חתימה ושם אפוטרופוס","imgOptionalApotSignatureAndName"
"חתימה מיופה כוח","imgMeyupeKoahsignuture"
"חתימה+חותמת","imgHotemSignature"
"חתימה+חותמת לקוח","imgPersonSignatureAndStamp"
"חתימה-אחר","imgOtherSignature"
"חתימת אפוטרופוס","imgOptionalApotSignature"
"חתימת בן זוג לקוח","imgSecondPersonSignature"
"חתימת בעל החשבון","imgSigntureOfAccountOwner"
"חתימת בעל הפוליסה","imgPolicyOwnerSignature"
"חתימת גורם משווק","imgMarketerFactorSignature"
"חתימת הבנק","imgBankSignature"
"חתימת הורה","imgSignatureOfParent"
"חתימת המאמת","imgVerifiesSignature"
"חתימת המזהה","imgIdentifySignature"
"חתימת המשלם","imgsignatureOfthePayer"
"חתימת התאגיד","imgTaagidCorporateSignature"
"חתימת וחותמה מעסיק","imgSignAndstampOfemployerSignature"
"חתימת לקוח - חתימה","imgPersonSignature"
"חתימת מבוטח","imgInsureSignature"
"חתימת מבצע זיהוי","imgIdentifyingOperationSignature"
"חתימת מבקש הבקשה","imgSignatureOfMevakesh"
"חתימת מוסמך לביצוע פעילות השקעה בתאגיד","imgMusmahSignature"
"חתימת מורשה חתימה","imgSignedAuthorizedSignature"
"חתימת מורשה חתימה וחותמת","imgAuthorizedSignatureSignatureAndSeal"
"חתימת מעסיק","imgEmployerSignature"
"חתימת מקנה מתנה","imgSignatureMakne"
"חתימת מתכנן / סוכן","imgPlannerSignature"
"חתימת סוכן / מתכנן","imgAgentSignature"
"חתימת עורך דין","imgLawyerSignature"
"חתימת פקיד","imgSignatureOfClerk"
"חתימת שותף עסקי","imgPersonPartnerSignature"
"טופ גולד","chkTopGold_"
"טופ פיננס","chkTopFinance_"
"טופ קידס","chkTopKids_"
"טלמיטינג","chkTelemitng_No"
"טלפון","txtPersonNotOwnerPhone"
"טלפון אפוטרופוס","txtApotPhone"
"טלפון גוף מנהל","txtInstituePhone"
"טלפון לבירורים המאשר","txtPhoneNumberAprroval"
"טלפון מבוטח","txtInsuredPhone"
"טלפון מבקש הבקשה","txtMevakeshPhoneNumber"
"טלפון מוטב","txtBetterPhone"
"טלפון מיופה כוח","txtMeyupeKoahPhone"
"טלפון מעסיק","txtPersonEmployerMobile"
"טלפון מפקח","txtPhoneInspector"
"טלפון משלם","txtPayingPhone"
"טלפון מתכנן / סוכן","txtAgencyPhone"
"טלפון נייד","txtPersonMobile"
"טלפון נייד-אחר","txtMobileOther"
"טלפון נייח","txtPersonPhone"
"טלפון סוכן","txtAgentPhone"
"טלפון סוכן ביטוח","txtInsuranceAgentNamePhone"
"טלפון עבודה","txtPersonWorkingPhone"
"טלפון עורך דין","txtLawyerPhone"
"טלפון רואה חשבון","txtCpaPhone"
"טלפון-אחר","txtPhoneOther"
"טקסט חתימה דיגיטלית","txtDigitalSignText"
"טקסט מזהה טופס","txtPDFFormID"
"טקסט נעילה","txtLockText"
"ידוע בציבור","chkPersonMaritalStatus_n"
"ידוע לי במועד הפדיון ינוכה,מס רווחי הון בהתאם להוראות ההסדר התחיקתי","chkPydionDateWithoutCapitalGainsEsder"
"ידוע לי כי במקרה של משיכת חלק מהסכום המצטבר ינוכה אותו חלק מכל מסלולי ההשקעה באופן יחסי","chkPydionDateWithoutCapitalGains"
"ידוע לי כי הבקשה תטופל בכפוף לכל דין ובהתאם לאמור בתנאי הפוליסה החל ממועד קבלתה במשרדי החברה ולא במשרדי הסוכן","chkApplicationProcessedUnderAnyCondition"
"ידוע לי כי הפדיון כפוף לתנאי הפוליסה ולכל דין","chkPydionKafuf"
"ידוע על הפקדות צפויות","chkKnownForExpectedDepositing"
"ידוע על משיכות צפויות","chkKnownForExpectedWithdrawals"
"יו""ר\ שותפים","txtChairmanOrAssociate"
"יום חתימה","txtSignatureDay"
"יועץ","chkCounselor"
"יועץ פנסיוני","chkPensionCounselor"
"יוצר החוזה","chkYozerHahoze"
"יורש","chkMevakeshSuccessor"
"יורשי החוקיים","chkTheHeirsOfTheLegal"
"יישוב באנגלית","txtPersonCityEnglish"
"יישוב בעל החשבון","txtfAccountOwnerCity"
"יישוב שבו נולד באנגלית","txtCityBornEnglish"
"יעד לפרישה פיצויים","chkYearPizuim_"
"יעד לפרישה תגמולים","chkYearTagmulim_"
"יעוץ פנסיוני","chkRetirementConsultation"
"ירושה","chkinheritance"
"יש הוצאות רפואיות לי או לאחד מקרובי המשפחה","chkFamilyMedicalExpenses"
"יש הוראת קבע","chkHaveStandingOrder"
"ישוב","txtPersonNotOwnerCity"
"ישוב מוטב","txtBetterCity"
"ישולמו כדהלן","chkBePaidAsFollows"
"ישולמו ליורשי על פי דין","chkBePaidToMyHeirsAccordingToLaw"
"יתרה חלקית","chkPartialBalance_"
"יתרה חלקית כולל הפקדות שוטפות","chkPartOfTheAmountKolelHafkadot"
"יתרה חלקית לא כולל הפקדות שוטפות","chkPartOfTheAmountNoHafkadot"
"יתרה למסלול מקבל סכום","chkBalanceForTrack"
"יתרה לסילוק","txtBalanceMislaka"
"יתרה צבורה","chkCumulativeBalance"
"יתרה צבורה והפקדות שוטפות","chkAccruedBalanceAndDeposits"
"כולם ביחד","chkAlltogether"
"כיסוי ביטוחי","chkInsuranceCoverage"
"כל אחד לחוד","chkSeparately"
"כל החשבונות","chkAllAcount"
"כל היתרה","txtAllTheBalance"
"כל היתרה כולל הפקדות שוטפות","chkAllBalancesIncludeCurrentDeposits"
"כל היתרה ללא הפקדות שוטפות","chkTheFullAmountNoHafkadot"
"כל יתרת הכספים","chkAllBalanceOfFunds_"
"כמות עישון","txtAmountOfCigarettes"
"כן יליד ארהב","chkBirthUsa_yes"
"כן להעביר הפקדות שוטפות למסלות","chkYesChangeDeposits"
"כן תושב לצרכי מס","chkResidentTax_yes"
"כן תושבות מס במדינה שאינה ישראל או ארהב","chkCRS_yes"
"כניסה לבניין אפוטרופוס","txtApotEntranceToBuilding"
"כניסה לבניין לקוח","txtPersonEntranceToBuilding"
"כספי ביטוח","chkInsuranceMoney"
"כספי השתלמות","chkMoneyHishtalmut"
"כספים מחו""ל","chkFinanceFromAbroad"
"כתובת - אחר / נהנים","txtOtherFullAddress"
"כתובת - אחר אנגלית","txtOtherFullAddressEnglish"
"כתובת באנגלית","txtPersonFullAddressEnglish"
"כתובת בן משפחה","txtFamilyMemberAddress_"
"כתובת בנק מוטב","txtMutavBankAdress"
"כתובת בעל השליטה","txtControllingShareholdersAddress_"
"כתובת דוא""ל הרשומה לעיל","chkEmailAddressListedAbove"
"כתובת האגיד","txtAddressOfTheCorporation"
"כתובת הבנק","txtBankAddress"
"כתובת החברה","txtCompanyAddress"
"כתובת התאגיד","txtCorporateAddress"
"כתובת ומיקוד","txtAddressAndPostal"
"כתובת ומספר לקוח","txtPersonStreetAndNumberCRS"
"כתובת ומספר מבוטח","txtInsureStreetAndNumberCRS"
"כתובת מבוטח","txtInsureStreetandcity"
"כתובת מוטב","txtFullAdressMutav"
"כתובת מלאה","txtPersonFullAddress"
"כתובת מלאה -קיים אחר, לא להשתמש","txtPersonStreetandcity"
"כתובת מלאה אפוטרופוס","txtApotFullAddress"
"כתובת מלאה של הלקוח","txtPersonFullAddress"
"כתובת מלאה של המתכנן / סוכן","txtPlannerFullAddress"
"כתובת מעסיק","txtPersonEmployerAddress"
"כתובת סוכן / מתכנן","txtAgentAddress"
"כתובת סוכנות","txtAgencyFullAddress"
"כתובת ערב להלוואה","txtArevFullAddress"
"כתובת שותף עסקי","txtFullAdressPersonPartner"
"כתובת- אחר","txtAnotherAddress_"
"לא  מאשר הודעות","chkNotConfirmingMessages"
"לא  מאשר נתונים","chkNotConfirmingInformation"
"לא אזרח ארה""ב","chkCitizenUSA_no"
"לא איש ציבור","chkNotPersonBusinessPartnerPublicFigure"
"לא איש ציבור מקומי","chkBetterInCaseNotOfDeathLocalPublicFigure"
"לא איש ציבורי מקומי","chkNotLocalPublicMan"
"לא בעל עסק","chkNoBusinessOwner"
"לא גרייס","chkNoGrace"
"לא חבר בקופת חולים","chkKupatHolimMember_No"
"לא חבר קיבוץ","chkKibutzMember_No"
"לא ידוע על הפקדות צפויות","chkUnknownExpectedDepositing"
"לא ידוע על הפקדות צפויות ממדינה זרה","chkUnknownExpectedDepositsFromAForeignCountry"
"לא ידוע על משיכות צפויות","chkUnknownExpectedWithdrawals"
"לא יליד ארהב","chkBirthUsa_no"
"לא להעביר הפקדות שוטפות למסלול","chkNoChangeDeposits"
"לא לעשות מוטבים ברירת מחדל","chkNoDefaultMutavim"
"לא לקוח הבנק","chkBankCustomer_No"
"לא מועסק","chkNotOwnerStatus_u"
"לא מיניתי מוטב בחשבון","chkIDidNotAppointBetterAccount"
"לא מסכים שמסמכים והודעות יישלחו לדוא""ל","chkDoNotagreedocumentAndNoticesShouldBeSentByEmail"
"לא משלם מס למדינת התושבות","chkNoTaxPayerAsAStateOfResidence"
"לא נקבע נכות","chkNoDisabilityWAsEstablished"
"לא סומן","chkNotSign"
"לא סירב לפתוח חשבון","chkNoRefusalToOpen"
"לא עובד \ מובטל","chkPersonStatus_u"
"לא פועל בשם תאגיד","chkNotWorksOnBehalfTaagid"
"לא פעיל פוליטית","chkPoliticalactivist_No"
"לא צמוד מדד","chkNoZamudMadad"
"לא צריך להחליף פוליסת הביטוח","chkNotChangePolisa"
"לא קיים מיופה כוח שאינו בעל הרישיון","chkNotMeyupeKoahLicenseHolder"
"לא קיים מיופה כח בחשבון","chkThereIsNotPowerOfAttorneyInTheAccount"
"לא קיים נהנה פרטיו טרם ידועים","chkNotExistingEnjoysItsDetailsYetUnknown"
"לא קיימות הפקדות צפויות","chkThereNoExpectedDepositing"
"לא קיימות הפקדות צפויות ממדינה זרה","chkNoExpectedDepositsFromAForeignCountry"
"לא קיימות משיכות צפויות","chkThereNoExpectedWithdrawals"
"לא קיימות פוליסות נוספות","chkPolisotNosafot_No"
"לא קיימות קופות נוספות","chkKupotNosafot_No"
"לא קיימים בעלי שליטה בתאגיד","chkNoControllingShareholdersExist"
"לא קיימים מקבלי שירות","chkNoServiceRecipientsExist"
"לא קיימים נהנים בחשבון","chkNonExistentBeneficiariesInAccount"
"לא קיימים שירותי בריאות נוספים","chkAdditionalHealthServices_No"
"לא קיימת פוליסה קשורה ללקוח","chkThereIsNoCustomerRelatedPolicy"
"לא קיימת פעילות בחול","chkNoActivityAbroad"
"לא קרוב משפחה","chkBetterNotInCaseOfDeathRelative"
"לא קרוב של איש ציבור","chkNotPartnerPublicFigure"
"לא שינוי בפוליסת ביטוח החיים","chkNoChangeInLifeInsurancePolicy"
"לא שכיר או עצמאי","chkPersonStatus_other"
"לא תאגיד אמריקאי","chkNoAmericanCorporation"
"לא תושב ארה""ב","chkNoUSResident"
"לא תושב ארה""ב לצורכי מס","chkNoUSResidentForTaxPurposes"
"לא תושב חוץ","chkPersonNotExpatriate"
"לא תושב חוץ ב5 שנים האחרונות","chkNotForeignResidentForTheLast5Years"
"לא תושב לצורכי מס במדינה זרה","chkPersonResidentForTaxPurposes_no"
"לא תושב לצרכי מס","chkResidentTax_No"
"לא תושבות מס במדינה שאינה ישראל או ארהב","chkCRS_no"
"לבקש למשוך את את הכספים שנצברו בחשבוני","txtMevakeshAttractMyAccount"
"להודיע כי לא יופקדו בשלי כספים","chkAnnounceNoFundsWillBeDeposited"
"להותיר את הפוליסה ללא שינוי","chkSaveWithoutChangeInsurance"
"להמשיך הוראת קבע","chkContinueStandingOrder"
"להמשיך לרכוש את הכיסוי הביטוחי לאובדן כושר עבודה","chkContinueWithCoveragePHI"
"להעביר את הכספים לחשבון - מדינה אחרת","chkMoneyNotFromIsrael"
"להעביר את הכספים לחשבון - מישראל","chkMoneyFromIsrael"
"לוגו הסוכנות","imgOfficeLogo"
"לחייב את חשבון המוטב","chkBillingMutavAccount"
"לחייב את חשבוני","chkBillingPersonAccount"
"לחייב חשבון במט""ח","chkBillingAccountMatah"
"לחייב חשבון במט""י","chkBillingAccountMati"
"לחייב חשבון בש""ח","chkBillingAccountShekel"
"לטובת צד שלישי","chkForTheBenefitOfThirdParty"
"לידי איש קשר","txtToAContact"
"לימודים","chkStudies"
"לכל הפוליסות של המבוטח","chkAllPoliciesOfTheInsured"
"לכל הפוליסות של המבוטח- טקסט","txtAllPoliciesOfTheInsured"
"ללא הפקדות שוטפות","chkWithoutHafkadaShotef"
"ללא הצמדה","chkNoLinkage"
"לעדכן מוטבים בחשבונות שמספריהם","chkUpdateSpecific"
"לעדכן מוטבים בכל הקופות","chkUpdateAll"
"לפוליסות הבאות - לא בשביל מספר פוליסה","txtFollowingPolicies"
"לפוליסות הבאות- צק בוקס","chktxtFollowingPolicies"
"לקוח - זכר","chkPersonMale"
"לקוח - נקבה","chkPersonFemale"
"לקוח הבנק","chkBankCustomer_Yes"
"לקוח הציג תעודת זהות","chkCustomerPresentedID"
"לקוח ללא בן/בת זוג או ילדים או נהנה","chkPersonWithoutFamily"
"לקוח מוכר לי אישית","chkClientKnownMePersonally"
"מ""ה מסלול כספי","txtPersonMaslulMhCaspiChangeMaslulName"
"מ""ה מסלול מעביר","txtMhMovingMaslul"
"מ""ה של הקופה המקבלת","txtMhKupa"
"מ""ה/מספר אישור של הקופה המעבירה","txtMovingMaslulMh"
"מאפשר הלוואה","chkAllowLoan"
"מאשר נתונים","chkConfirmingInformation"
"מאשר קבלת הודעות","chkThanReceivingMessages"
"מבוטח פעיל בקופת ביטוח (ביטוח מנהלים)","chkInsureActiveInsuranceFund"
"מבוטח פעיל בקרן פנסיה וותיקה","chkInsureActiveOldPensionFund"
"מבוטח- רווק","chkInsureMaritalStatus_s"
"מבוטח-אלמן","chkInsureMaritalStatus_w"
"מבוטח-גרוש","chkInsureMaritalStatus_d"
"מבוטח-נשוי","chkInsureMaritalStatus_m"
"מבצע זיהוי","txtIdentifyingOperation"
"מבקר בישראל","chkPersonVisitingIsrael"
"מבקש","chkMevazeaMevakesh"
"מבקש הבקשה","chkThePetitioner"
"מבקש הבקשה טלפון נייד","txtMevakeshMobile"
"מבקש הבקשה כתובת","txtFullAndressMevakesh"
"מבקש הבקשה מוטב","chkMevakeshMotav"
"מבקש הבקשה מייל","txtMevakeshEmail"
"מבקש הבקשה מספר בית","txtMevakeshHouseNumber"
"מבקש הבקשה עיר","txtMevakeshCity"
"מבקש הבקשה עמית","chkMevakeshAmit"
"מבקש הבקשה ת.ז","txtIdMevakesh"
"מבקש זכר","txtMevakeshMale"
"מבקש נקבה","txtMevakeshFemale"
"מגורים","chkAffiliationIsrael_Residence"
"מדוע מבקש להפיק פוליסה בישראל","txtWhyPolicyInIsrael"
"מדינה","txtPersonCountry"
"מדינה \ מחוז באנגלית","txtPersonCountryEnglish"
"מדינה \ מחוז שבו נולד באנגלית","txtPersonBornCountryEnglish"
"מדינה אינה דורשת להנפיק TIN","chkStateNotDemandIssueTIN"
"מדינה אינה מנפיקה TIN","chkStateNotIssueTIN"
"מדינה תושבות","txtPersonStateOfresidency_"
"מדינות תושבות לקוח לא בעלים","txtNotOwnerStateOfresidency_"
"מדינת ההנפקה","txtStateIssuingPassport"
"מדינת הוצאת מסמך הזיהוי","txtStateIssuingIdentificationDocument_"
"מדינת הנפקת דרכון","chkStateIssuingPassport"
"מודל ציליאני","chkModelChile_Yes"
"מודל תלוי וותק","chkSeniorityDependentModel"
"מוטב זכר","chkBettertMale_"
"מוטב טלפון נייד","txtMotavMobile"
"מוטב כתובת","txtBetterStreetandcity_"
"מוטב לא קרוב משפחה","chkBetterInCaseNotFamilyMemberDies"
"מוטב למקרה פטירה איש ציבור זר","chkBetterInCaseOfDeathForeignPublicFigure"
"מוטב למקרה פטירה איש ציבור מקומי","chkBetterInCaseOfDeathLocalPublicFigure"
"מוטב למקרה פטירה קרוב משפחה","chkBetterInCaseOfDeathRelative"
"מוטב למקרה פטירה תאגיד","chkBetterInCaseCorporationDies"
"מוטב נקבה","chkBetterFeMale_"
"מוטב קרוב משפחה","chkBetterInCaseFamilyMemberDies"
"מוטב ת.ז","txtBetterID_"
"מוטבים","chkMutavim"
"מוטבים - במידה והלקוח רוצה להשתמש במוטבי ברירת מחדל","chkDefaultMutavim"
"מוטבים באופן יחסי לחלקם","chkBeneficiariesOfTheirRelativeShare"
"מוטבים למקרה פטירה","chkBetterInCaseOfDeath"
"מועד  לחיוב יום","txtDueForbilling_D"
"מועד חיוב אחרון","txtLastBillingDate"
"מועד חיוב ראשון","txtFirstBillingDate"
"מועד לחיוב 15","txtDueForbilling_15"
"מועד לחיוב ב1- הפקדה חד פעמית","txtDueForbillingonetime_1"
"מועד לחיוב ב1- הפקדה שוטפת","txtDueForbilling_1"
"מועד לחיוב ב10- הפקדה חד פעמית","txtDueForbillingonetime_10"
"מועד לחיוב ב10- הפקדה שוטפת","txtDueForbilling_10"
"מועד לחיוב ב15- הפקדה חד פעמית","txtDueForbillingonetime_15"
"מועד לחיוב ב15- הפקדה שוטפת","txtDueForbilling_15"
"מועד לחיוב ב5- הפקדה חד פעמית","txtDueForbillingonetime_5"
"מועד לחיוב ב5- הפקדה שוטפת","txtDueForbilling_5"
"מועד לחיוב-חודש","txtDueForbilling_M"
"מועד לחיוב-יום","txtDueForbilling_D"
"מועד לחיוב-שנה","txtDueForbilling_Y"
"מועד פקיעת תוקף - סימון","chkExpiryDate"
"מועד פקיעת תוקף-טקסט","txtExpiryDate"
"מועמד לביטוח","chkInsuranceCandidate"
"מוקד \שם הנציג","chkFocusOrNameOfRepresentative"
"מורשה חתימה","txtAuthorizedSignatory"
"מזכיר","txtReminds"
"מחוז","txtDistrict"
"מחוז - אחר אנגלית","txtOtherCountryStateEnglish"
"מחזור העסקים השנתי","chkAnnualBusinessCycle_"
"מחזור העסקים השנתי-טקסט","txtAnnualBusinessCycle_"
"מטבע חוץ","txtForeignCurrency"
"מטבע מקומי","txtLocalCurrency"
"מטרת ביצוע","txtTypeOfInvestment"
"מטרת החיוב","txtPersonPurposeOfTransfer"
"מטרת החיסכון","chkPurposeOfSavings"
"מטרת הלוואה","txtPurposeLoan"
"מטרת העברת כספים לחו""ל","chkTransferMouneyTarget"
"מטרת פתיחת חשבון","chkPurposeOfopeningAnAccount"
"מיופה כח לא קרוב משפחה","chkNotProxy"
"מיופה כח קרוב משפחה","chkProxy"
"מייל אפוטרופוס","txtApotMail"
"מייל מבוטח","txtInsureMail"
"מייל סוכן","txtAgentMail"
"מין - אחר / נהנים","txtGenderOther"
"מין - אחר אנגלית","txtGenderOtherEnglish"
"מין בן \ בת זוג","txtSecondPersonGender"
"מין האפוטרופס","txtApotGender"
"מין ילד","txtKidGender"
"מין לקוח","txtPersonGender"
"מין-מוטב","txtBetterGender_"
"מיניתי מוטב בחשבון","chkAppointedBetterAccount"
"מיקוד","txtPersonApartmentPostalCode"
"מיקוד אפוטרופוס","txtApotApartmentPostalCode"
"מיקוד באנגלית","txtPersonApartmentPostalCodeEnglish"
"מיקוד בעל החשבון","txtAccountOwnerApartmentPostalCode"
"מיקוד מבוטח","txtInsureApartmentPostalCode"
"מיקוד מבקש הבקשה","txtMevakeshPostalCode"
"מיקוד מוטב","txtBetterPostalCode"
"מיקוד מעסיק","txtPersonEmployerApartmentPostalCode"
"מיקוד- בנק","txtBankPostalCode"
"מיקוד-אחר","txtApartmentPostalCodeOther"
"מכירת נדלן","chkSaleOfRealestate"
"מכירת רכב","chkCarSales"
"מכירת רכוש ייחודי","chkUniquepropertysale"
"מלאו 60","chkReachingAge"
"מנהל עסקים","chkBusinessAdministration"
"מס בישראל ומדינה אחרת","chkCRS_io"
"מס בית סוכנות","txtAgencyHouseNumber"
"מס במדינה אחרת","chkCRS_o"
"מס רק בישראל","chkCRS_i"
"מס ששולם","txtTaxAmountPayment"
"מסגרת אשראי מתחדשת","chkAshraiMithadesh"
"מסגרת עובר ושב","chkAshraiMisgeret"
"מסך קופה","txtMasahKupa"
"מסכים לשמור את המידע","chkAgreeToTheInformationToBeRetained_"
"מסכים שמסמכים והודעות יישלחו לדוא""ל","chkPersonMismah"
"מסלול 100% לשאירים מעל 47","chkPersonMaslulBituah_100Shairim"
"מסלול ביטוח 37.5% נכות  100% שאירים מעל 45 (פנסיה)","chkPersonMaslulBituah_375NecutAnd100Shairim45"
"מסלול ביטוח 37.5% נכות  40% שאירים  (פנסיה)","chkPersonMaslulBituah_375NecutAnd40Shairim"
"מסלול ביטוח 37.5% נכות  60% שאירים  (פנסיה)","chkPersonMaslulBituah_375NecutAnd60Shairim"
"מסלול ביטוח 75% נכות  40% שאירים (פנסיה)","chkPersonMaslulBituah_75NecutAnd40Shairim"
"מסלול ביטוח 75% נכות 100% שאירים מעל 41(פנסיה)","chkPersonMaslulBituah_75NecutAnd100Shairim41"
"מסלול ביטוח 75% נכות מעל 41 100% שאירים מעל 41(פנסיה)","chkPersonMaslulBituah_75Necut41And100Shairim41"
"מסלול ביטוח 75% נכות מעל 41 100% שאירים מעל 47(פנסיה)","chkPersonMaslulBituah_75Necut41And100Shairim47"
"מסלול ביטוח לבן עם מוגבלות","chkPersonMaslulBituahBenMugbalut"
"מסלול ביטוח מותאם","chkPersonMaslulBituahCustom_"
"מסלול ביטוח נוסף","chkPersonMaslulBituahExtra_"
"מסלול ביטוח עד 60 75% נכות מעל 41 100% שאירים מעל 49 (פנסיה)","chkPersonMaslulBituah_Until6075Necut41And100Shairim49"
"מסלול ביטוחי","chkInsuranceMaslul"
"מסלול הפקדות שוטפות","txtCurrentDeposits"
"מסלול חד פעמי","chkOneTimeRoute"
"מסלול חודשי","chkMonthlyRoute"
"מסלול להפקדות גמל","txtPersonMaslulTagmulHafkada_"
"מסלול להפקדות השתלמות","txtPersonMaslulHishtalmutHafkada_"
"מסלול מעביר","chkMovingMaslul"
"מסלול מעביר - מספר","txtMovingMaslulNumberSummary"
"מסלול מעביר - שם","txtMovingMaslulNameSummary"
"מסלול מעביר - שם ומספר","txtMovingMaslulNameAndNumberSummary"
"מסלול מעביר,  אם יש יותר מאחד להשתמש בDUPLICATED 2 ומעלה","txtMovingAccountNumber"
"מסלול מקבל","chkAcceptMaslul_"
"מסלול מקבל - מספר","txtAcceptMaslulNumberSummary"
"מסלול מקבל - שם","txtAcceptMaslulNameSummary"
"מסלול מקבל - שם ומספר","txtAcceptMaslulNameAndNumberSummary"
"מסלול פוליסה לעצמאי","chkPersonMaslulIndependentPolicy"
"מסלול פיצויים / קוד פיצויים","chkPersonMaslulPizuim_"
"מסלול של הקופה המקבלת","txtAcceptMaslul_DUPLICATED_5"
"מסלול תגמולים / קוד תגמולים","chkPersonMaslulTagmul_"
"מסלול תלוי גיל","chkPersonMaslulTagmulTluiGil"
"מסמך בקשה להעברת כספים","chkDocumentMoneyTransferRequest"
"מסמך הוראה להפקדה חד פעמית","chkDocumentOneTimeDepositInstruction"
"מסמך הנמקה","chkDocumentReasoning"
"מסמך הצהרת עמית עצמאי לפני צו","chkDocumentIndependentAssociateStatement"
"מסמך יפויי כוח","chkDocumentPowerOfAttorney"
"מסמך כתב מינוי אפוטרופוס","chkDocumentAppointmentOfGuardian"
"מסמך עוסק עצמאי הרשום במע""מ","chkDocumentRegisteredIndependentVAT"
"מסמך על טופס הרואה לחיוב בחשבון","chkDocumentAccountBillingInstruction"
"מסמכים נלווים","txtAccompaniedDocuments"
"מספר אוצר","txtTreasuryNumber"
"מספר אישור","txtConfirmationNumber"
"מספר בית","txtPersonHouseNumber"
"מספר בית באנגלית","txtHouseNumberEnglish"
"מספר בית בעל החשבון","txtAccountOwnerHouseNumber"
"מספר בית לקוח באנגלית","txtPersonHouseNumberInEnglish"
"מספר בית מבוטח","txtInsureHouseNumber"
"מספר בית מוטב","txtBetterHouseNumber"
"מספר בית מעסיק","txtPersonEmployerHouseNumber"
"מספר בית- בנק","txtBankHouseNumber"
"מספר בית-אחר","txtHouseNumberOther"
"מספר בית-אחר אנגלית","txtHouseNumberOtherEnglish"
"מספר בנק","txtPersonBankNumber"
"מספר בנק מוטב","txtMutavBankNumber"
"מספר בנק של המעקל","chkBrokerAccountBankNumber"
"מספר בעל הרישיון","txtPlannerNumber"
"מספר דירה","txtPersonApartmentNumber"
"מספר דירה מבוטח","txtInsureApartmentNumber"
"מספר דרכון","txtNumberOfPassport"
"מספר הלוואה","txtLoanNumber"
"מספר המוביל","txtLeadingNumber"
"מספר המחאה","chkCheckNumber"
"מספר הנמקה","txtNumberOfReasoning"
"מספר הסוכנות","txtOfficeNumber"
"מספר הצעה","txtOfferNumber"
"מספר ושם","txtPersonMaslulCaspiChangeMaslulNumberName"
"מספר ושם כספי פיצויים","txtMaslulPizuimCaspiChangeMaslulNumberAndName"
"מספר ושם כספי תגמולים","txtMaslulTagmulimCaspiChangeMaslulNumberAndName"
"מספר חדרים","txtPropertyRoomNumber"
"מספר חודשים","txtSeveralMonths"
"מספר חשבון בנק","txtPersonBankAccount"
"מספר חשבון בנק מוטב","txtMutavBankAccount"
"מספר חשבון הלקוח","txtNumberAccount"
"מספר חשבון להעברת כספים","txtMoneyTransferAccountNumber"
"מספר חשבון מלא כולל סניף ובנק","txtPersonFullBankAccount"
"מספר חשבון של המעקל","chkBrokerAccountNumber"
"מספר חשבון של הקופה המעבירה","txtMovingAccountNumber"
"מספר טלפון בעל החשבון","txtOwnerAccountNumber"
"מספר ילדים","chkNumberOfChildren"
"מספר כרטיס אשראי","txtCreditCardNumber"
"מספר כרטיסי אשראי(כמות)","chkNumberOfCreditCards"
"מספר לקוח","txtCustomerNumber"
"מספר לקח בגוף המנהל","txtPersonNumberInInstetue"
"מספר מזהה לצרכי מס","txtPersonTIN_"
"מספר מנהל עסקי","txtBusinessManagerNumber"
"מספר מסלול","txtMaslulNumber_"
"מספר מסלול כספי","txtPersonMaslulCaspiChangeMaslulNumber"
"מספר מסלול כספי פיצויים","txtMaslulPizuimCaspiChangeMaslulNumber"
"מספר מסלול כספי תגמולים","txtMaslulTagmulimCaspiChangeMaslulNumber"
"מספר מעסיק","txtNumberOfEmployer"
"מספר משווק","txtPhoneReseller"
"מספר סוכן בחברה","txtAgentNumberInAgency"
"מספר סוכן-לא פעיל","txtAgentNumber"
"מספר סוכנות","txtAgencyNumber"
"מספר סניף בנק","txtPersonBankBranch"
"מספר סניף וחשבון","txtBranchAndAccountNumber"
"מספר סניף מוטב","txtMutavBankBranch"
"מספר סניף של המעקל","chkBrokerBankBranch"
"מספר עמית","txtFellowNumber"
"מספר עסקה","txtNumberOfTransaction"
"מספר פגישה","txtMeetingNumber"
"מספר פדרלי לצורכי מס בארה""ב","txtUSTin"
"מספר פוליסה","txtPersonNumberPolicy"
"מספר פוליסה של הקופה המעבירה","txtMekabelAccountNumber"
"מספר פוליסת ביטוח","txtInsurancePolicyNumber"
"מספר קולקטיב","txtCollectiveNumber"
"מספר קופה","txtMhKupaName"
"מספר קידוד של הלקוח במוצר הפנסיוני","txtNumberKidudpension"
"מספר רישום","txtRegistrationNumber"
"מספר רישיון / מספר בעל רשיון","txtLicenseNumber"
"מספר רישיון עורך דין","txtLawyerLicenceNumber"
"מספר שיק","txtChekNumber"
"מספר שיק או אסמכתא","txtAsmahta"
"מספר שלוחה דרכה בוצע האימות","txtExtensionNumber"
"מספר שנה","txtYears"
"מספר תוכנית","txtProgramNumber"
"מספר תיק","txtCaseNumber"
"מספר תיק ניכויים","txtNumberTikNicuim"
"מספר תשלומים","txtNumberOfPayments"
"מעביד","chkEmployer"
"מעוניין לבצע הפקדות שוטפות בפוליסה","chkMakeRegularDepositsInThePolicy"
"מעוניין להפסיק לקבל פניות שיווקיות","chkPersonRemoveShivuk"
"מעוניין לקבל פניות שיווקיות","chkPersonShivuk"
"מעל תקרת המס המזכה","chkAboveTheQualifyingTaxCeiling"
"מען אחר","txtAddressOther"
"מען אנגלית","txtPersonExpatriateEnglish"
"מען טקסט","txtPersonExpatriate"
"מען מוטב","txtBetterFullAddress"
"מען מיופה כוח","txtMeyupeKoahStreetAndHouseNumberAndCity"
"מען עסק","txtBusinessAddress"
"מענק לבכיר","chkGrantSenior_"
"מערכת חיוג אוטמטית","chkAutomaticDialingSystem"
"מעשן","chkPersonSmoke"
"מצב משפחתי","txtPersonMaritalStatus"
"מצורך מסמך הצהרת בריאות","chkHealthDeclaration"
"מצורף דרכון","chkPersonPassportID"
"מצורף מסמף","chkAttachedDocument"
"מצורף תז","chkPersonNationalID"
"מקדם קצבה לא מובטח","chkNotPromisedToannuity"
"מקדם קצבה מובטח","chkPromisedToannuity"
"מקום עבודה לקוח","txtPersonWork"
"מקור הכספים","chkTheSourceOfTheFunds_1"
"מקור הכספים להשקעה","txtSourceOfFunds"
"מקור הכספים-אחר","chkTheSourceOfTheFunds_Other"
"מקור הכספים-חסכונות","chkTheSourceOfTheFunds_Saving"
"מקור הכספים-ירושה","chkTheSourceOfTheFunds_Inheritance"
"מקור הכספים-כספי ביטוח","chkTheSourceOfTheFunds_Insurance"
"מקור הכספים-מלגות","chkTheSourceOfTheFunds_Gift"
"מקור הכספים-משכורת","chkTheSourceOfTheFunds_Salary"
"מקור הכספים-נדל""ן","chkTheSourceOfTheFunds_Nadlan"
"מקור הכספים-תרומות","chkTheSourceOfTheFunds_Donation"
"מקטרת","chkPipe"
"מקנה לקטין את הכספים שיצטברו בחשבון","chkGivesTheMinorTheFundsThatWillAccrueInTheAccount"
"מקנה מתנה","chkMevakeshGivesGift"
"מקצוע","txtPersonProfession"
"מרכיב פיצויים","chkPersonComponentPizuim"
"מרכיב תגמולים","chkPersonComponentTagmul"
"משיכה באמצעות הוראת קבע","chkAttractionDirectDebit"
"משיכה במס מקסימלי מחלק מהמעסיקים","chkPartOfEmployersMaxTax"
"משיכה במס מקסימלי מכלל המעסיקים","chkAllEmployersMaxTax"
"משיכה חד פעמית","chkOneTimeWithdrawal"
"משיכה חודשי","chkMonthWithdrawal"
"משיכה חודשית","chkMonthlyWithdrawal"
"משיכה חלקית","chkPartialAttraction"
"משיכה חלקית חד פעמית","chkPartialRevenue"
"משיכה חלקית מחלק מהמעסיקים","chkPartOfEmployersPartialAttraction"
"משיכה חלקית מקרן השתלמות ברירת מחדל","chkHazharaPartialAttractionHishtalmut"
"משיכה חלקית מקרן השתלמות מרכיבי חסכון","chkHazharaPartialAttractionHishtalmutSaving"
"משיכה כספים מחשבון על סמך וותק בקרן השתלמות נזילה","chkHazharaPartialAttractionSeniorityHishtalmutNazil"
"משיכה כספים מעמית נפטר","chkAttractionDeadAmit"
"משיכה כספים מפיצויים","chkAttractionPizuim"
"משיכה כספים מקרן השתלמות","chkAttractionHishtalmut"
"משיכה כקיזוז הלוואה","chkWithdrawalAsLoanOffset"
"משיכה ל עד 7500 ש""ח","chkExpectedStrokes7500"
"משיכה לסגירת הלוואה","chkCloseLoanWithdrawal"
"משיכה לצורך קיזוז הלוואה בלבד","chkLoanForOffsetLoanOnly"
"משיכה לקצבה","chkWithdrawalToannuity"
"משיכה לשיעורין","chkPullInincrements"
"משיכה מחודש","txtReduction"
"משיכה מחלק מהמעסיקים","chkPartOfEmployers"
"משיכה מכלל המעסיקים","chkAllEmployers"
"משיכה מלאה","chkTotalRevenue"
"משיכה מלאה מחלק מהמעסיקים","chkPartOfEmployersFullAttraction"
"משיכה מלאה מכלל המעסיקים","chkAllEmployersFullAttraction"
"משיכה על בסיס וותק של קרן השתלמות אחרת","chkAttractionVetekOtherHishtalmutFoundation"
"משיכה על בסיס ותק של חשבון אחר","chkVetekOther"
"משיכה על ידי העמית","chkAttractionByTheFellow"
"משיכה על ידי מוטב/יורש","chkAttractionByBeneficiaryHeir"
"משיכה על ידי עמית של קופת גמל להשקעה","chkAttractedByMemberOfInvestmentProvidentFund"
"משיכה קבועה","chkPermanentAttraction"
"משיכות צפויות","chkExpectedStrokes_"
"משיכות צפויות-אנונה","chkExpectedStrokes_Anona"
"משיכות צפויות-גמלא","chkExpectedStrokes_Gamla"
"משיכות צפויות-לעיתים מזדמנות","chkExpectedStrokes_Casual"
"משיכות צפויות-לעיתים רחוקות","chkExpectedStrokes_Seldom"
"משיכת כספי הפטור במסלול פיצויים","chkPartOfEmployersPtorAttractionPizuim"
"משיכת כספי הפטור במסלול תגמולים","chkPartOfEmployersPtorAttractionTagmulim"
"משיכת כספי פיצויים","chkCompensationMoney"
"משיכת כספי פיצויים ותגמולים לקצבה","chkFundsWithdrawalTagmulimAndPizuim"
"משיכת כספי תגמולים ללא סיום העסקה","chkAttractionTagmulimNotFinish"
"משיכת כספי תגמולים(עצמאי)","chkFundsWithdrawalTagmulimAzmai"
"משיכת כספי תגמולים(שכיר)","chkFundsWithdrawalTagmulimEmployed"
"משיכת כספים בהיוון קצבה מוכרת","chkAttractionHivunKizvaMucar"
"משיכת כספים במעמעד עצמאי ואז שכיר","chkWithdrawalAzmaiAndSachir"
"משיכת כספים הונים","chkCapitalFunds"
"משיכת כספים כדין","chkLegalWithdrawalOfFunds"
"משיכת כספים לפני מועד זכאות הקבוע בדין ולא גובשה זכאותי לדין","chkAttractionBeforeLaw"
"משיכת כספים מחשבון טרם זכאות ולמרות המס שחל על היתרה הצבורה","chkHazharaWithdrawalBerforeEligibility"
"משיכת כספים מקופת גמל","chkFundsWithdrawalKupaGemel"
"משיכת כספים על סמך אישור פקיד שומה","chkHazharaApprovalWithdrawal"
"משיכת כספים עקב סך צבירה וסך קצבה נמוך","chkAttractionZviraLow"
"משיכת כספים שלא כדין","chkNotLegalwithdrawalOfFunds"
"משכורת ,הכנסה","chkSalary"
"משכנתה","chkAshraiMashkanta"
"משלם מס למדינת התושבות","chkTaxPayerAsAStateOfResidence"
"משפחה","chkAffiliationIsrael_Family"
"משקל","txtWeight"
"מתגורר בישראל","chkPersonLivesInIsrael"
"מתוכננות הפקדות מצד גורם אחר בחשבון","chkDepositsPlannedByAnotherPartyInAccount"
"מתחייב למסור את פרטי הנהנה מיד עם היוודע זהותו","chkCommitsToGivingTheBeneficiaryDetails"
"מתנה","chkGift"
"נאמנות","chkLoyalty"
"ניהוול חשבון בידי הורה","chkManagingAnAccountInTheHandsOfParent"
"ניהול החשבון בידי אפוטרופוס","chkAccountManagementByGuardian"
"ניהול החשבון בידי מקנה מתנה","chkAccountManagementByMeGivesAGift"
"ניהול החשבון בידי מקנה מתנה או אפוטרופוסים חוקיים","chkAccountManagementByApot"
"ניהול כספים","chkFinancialManagement"
"ניוד חד פעמי","chkDisposableMobility"
"נייד אפוטרופוס","txtApotMobile"
"נייד מבוטח","txtInsuredMobile"
"נייד סוכן / מתכנן","txtAgentMobile"
"נייד סוכן ביטוח","txtInsuranceAgentMobile"
"נייד עורך דין","txtLawyerMobile"
"נייד רואה חשבון","txtCpaMobile"
"ניכוי מס הכנסה","chkTaxDeduction"
"ניכוי מס מכספי התגמולים","chkTaxDeductionTagmul"
"ניכוי מס מכספי פיצויים","chkTaxDeductionPizuim"
"נכס מניב","txtPersonRentalProperty"
"נכסים","chkProperty"
"נכסים מעל 5 מיליון+ גובה הכנסה","chkPersonAssetsUp5AndAnnualIncome"
"נכסים מעל 8 מיליון","chkPersonAssetsUp8"
"נקבה","chkPersonNotOwnerFemale"
"נקבה בת זוג","chkSecondPersonFemale"
"נקבה ילד","chkKidFemale"
"נקבה- מבוטח","chkInsureFemale"
"נקבה-אחר","chkFemaleOther"
"נקבע נכות","chkDisabilityWasEstablished"
"נרגילה","chkNargila"
"נשוי","chkPersonMaritalStatus_m"
"נשוי-אחר","chkOtherMaritalStatus_m"
"סגירת הלוואה","chkClosingALoan"
"סגירת חלק הלוואה","chkClosingPartOfLoan"
"סגריה","chkCigarettes"
"סה""כ אחוז העברה","txtAllPercentTransfer"
"סה""כ ב-%","txtPercentageTotal_"
"סה""כ סכום העברה","txtAllAmountTransfer"
"סוג הכנסה","txtPersonSalaryKind"
"סוג המטבע - דולר","chkCurrencyCode_USD"
"סוג המטבע - שקל","chkCurrencyCode_ILS"
"סוג הנכס","txtPropertyType"
"סוג הסכום(מתוך העברה)","chkKindOfAmount"
"סוג השירות העסקי","chkTypeOfBusinessService"
"סוג התחייבות","txtCommitentType"
"סוג חיסכון","chkTypeOfSavings"
"סוג חשבון","txtPersonBankAccountType"
"סוג כרטיס אשראי","chkCreditCardtype_"
"סוג מגורים","chkTypeOfResidence"
"סוג מוצר","txtProductType"
"סוג מזהה - אחר","chkPersonTypeOther"
"סוג מזהה - דרכון","chkPersonTypePassport"
"סוג מזהה - ת.ז","chkPersonTypeNationalID"
"סוג מחלה","chkMahala"
"סוג מטבע טקסט","txtTypeOfCurrency"
"סוג מידע","chkTypeOfInformation"
"סוג מספר - לפי האפשרויות בהגדרת מספר זהות בסעיף 1","txtNumberTypeArticle1"
"סוג מצע מגנטי","chkMagneticSubstrateType"
"סוג משיכה","chkTypeOfdrawal"
"סוג משכורת","chkSalaryType"
"סוג נאמנות","chkTypeOfLoyalty"
"סוג סוכן","txtAgentType"
"סוג סוכן / סוכנות","txtPlannerType"
"סוג עמלה","chkTypeOfCommission"
"סוג עסק","txtPersonBusinessType"
"סוג פוליסת ביטוח","txtInsurancePolicyType"
"סוג קופה","chkInstitutionCode_XXX"
"סוג שותף","txtTypePersonPartner"
"סוג של ביטוח סיכון","txtRiskInsuranceType"
"סוג תאגיד","chkTaagidType"
"סוגי החזרים","chkTypesOfRefunds"
"סוגי עמלות","chkCommssionKind"
"סוויפט","chkSwift"
"סוכן","chkPerformsDetectionAgent"
"סוכן ביטוח יקבל מידע","txtAnInsuranceAgentWillReceivInformation"
"סוכן ביטוח יקבל מידע -צק","chkAnInsuranceAgentWillReceivInformation"
"סוכן ביטוח פנסיוני","chkPensionInsuranceAgent"
"סטטוס","chkStatus_"
"סיבה","txtReason"
"סיבת התשלום/מהות התשלום","txtPaymentReason"
"סיבת משיכה","txtReasonForWithdrawal"
"סיבת משיכת הכספים- הגיע לגיל 18","chkReasonForAttraction_Age18"
"סיבת משיכת הכספים- הגיע לגיל 21","chkReasonForAttraction_Age21"
"סיבת משיכת הכספים- הילד נפטר","chkReasonForAttraction_Death"
"סיבת משיכת הכספים- טיפול רפואי","chkReasonForAttraction_MedicalCare"
"סיבת פעילות פיננסית במדינה זרה","chkFinancialActivityReason"
"סיגר","chkCigar"
"סיגריה אלקטרונית","chkElectronicCigarett"
"סילוק פוליסה","chkPolicyWaiver"
"סירוב להעברת נתונים","chkRefusalToTransferData"
"סירוב לפתוח חשבון","chkRefusalToOpen_"
"סך תקרה מס זוג","chkTotalDoubleTaxCelling"
"סך תקרה מס יחיד","chkTotalSingleTaxCelling"
"סכום או אחוז העברה","txtPersonPercentOrAmount"
"סכום ההלוואה","txtAmountLoan"
"סכום ההשקעה - צק בוקס","chkAmountOfTheInvestment"
"סכום הלוואה","txtSumOfLoan_"
"סכום העברה","txtAmountTransfer"
"סכום העברה (אם מדובר בחלק מהסכום)","txtAmount"
"סכום העברה במילים","txtAmountTransfer"
"סכום הפקדה","txtDepositAmount"
"סכום הפקדה חד פעמי","txtHafkadaHadPeami"
"סכום הפקדה חודשי \ שוטף","txtHafkadaShotef"
"סכום הפקדה חודשי מילים","txtHafkadaShotef"
"סכום הפקדה מסלול פיצויים","txtPersonMaslulPizuimPercent_"
"סכום הפקדה עתידית או סכום העברה","txtSumOfDeposit_"
"סכום הפקדה צפוי","txtTotalExpectedDepositAmount"
"סכום הפקדה צקבוקס","chkDepositAmount"
"סכום הפקדה שוטפת","txtHafkadaShotef"
"סכום הפקדה חד פעמית בחירה","chkHafkadaHadPeami"
"סכום הפקדה חד פעמית במילים","txtHafkadaHadPeami"
"סכום הפקדה חודשי בחירה","chkHafkadaShotef"
"סכום השקעה","txtAmountOfTheInvestment"
"סכום חיוב","txtBillingAmountCeiling"
"סכום חיוב ומועדו","txtBillingAmountCeilingAndDate"
"סכום יתרה","txtBalanceAmount"
"סכום יתרה צבורה","txtPersonMaslulSum_"
"סכום לחיוב בודד","txtAmountForSingleCharge"
"סכום למשיכה","txtAmountToWithdraw"
"סכום לפדיון לא צמוד","chkUnlinkedPayment"
"סכום לפדיון צמוד","chkClosePayment"
"סכום מירבי להעברה","txtMaxAmountToTransfer"
"סכום מסלול","txtPersonMaslulAmount"
"סכום מעסיק","txtEmployerAmount"
"סכום מקורי","txtOriginalAmount"
"סכום משיכה","txtPartialRevenue"
"סכום עובד","txtWorkingAmount"
"סכום עסקה","txtTransactionAmount"
"סכום פדיון","txtMonthlyPidyon"
"סכום פדיון חלקי","txtSumPartialPidyon"
"סכום פדיון מלא","txtSumFullPidyon"
"סכום צפוי","txtExpectedamount"
"סכום שיק","txtChekAmount"
"סכום תשלום","txtPaymentAmount"
"סכום תשלום ברוטו","txtPaymentAmountGross"
"סכום תשלום תקופתי","txtPeriodicPaymentAmount"
"סכון ההלוואה במילים","txtAmountWordsLoan"
"סניף בנק","chkBankBranch"
"סניף קופת חולים","txtBranchKupatHolim"
"ע""פ הטבלה","chkApTavla"
"ע""פ המסלולים","chkApMaslul"
"עבודה","chkAffiliationIsrael_Work"
"עד תקרת המס המזכה","chkUpToTheQualifyingTaxCeiling"
"עדכון מערכות","chkUpdateSystem"
"עדכון שכר","chkSalaryUpdate"
"עו""ד","chkPerformsDetectionAdvokate"
"עובד או מעביד","chkEmployeeOrEmployer"
"עובד זר","chkForeignWorker_"
"עובד כשכיר במקום שלא משולמים כספי תגמולים","chkWorkNoTagmulim"
"עיסוק אחר","txtOtherOccupation"
"עיסוק בפועל","txtPersonNotOwnerOccupation"
"עיסוק טרם הפרישה","txtPersonOccupation"
"עיר","txtPersonCity"
"עיר לידה","txtCityOfBirth"
"עיר לקוח","txtPersonSCityCRS"
"עיר מעסיק","txtPersonEmployerCity"
"עיר מתכנן / סוכן","txtPlannerCity"
"עיר סוכנות","txtAgencyCity"
"עיר- בנק","txtBankCity"
"עיר-אחר","txtCityOther"
"עיר-אחר אנגלית","txtCityOtherEnglish"
"עישנתי בעבר","chkPersonSmokePast"
"על פי הסכם","chkAccordingToAnAgreement"
"עמית","chkMevazeaAmit"
"עמית / היחיד בעצמו","chkAmit"
"עמית בקיבוץ","chkNotOwnerStatus_ki"
"עמית לא פעיל","chkPersonOff"
"עמית נפטר","chkColleaguePassedAway"
"עמית עצמאי וחלף זמן מאז עזיבתי מהעבודה","chkIndependentWithoutJob"
"עמית פעיל","chkPersonActive"
"עמית קיבוץ","chkPersonStatus_ki"
"עמלת מינימום","txtMinimumFee"
"ענף העסק - טקסט","txtBusinessSector"
"ענף העסק - סימון","chkBusinessSector_"
"עסקים","chkAffiliationIsrael_Business"
"עסקת אשראי","chkCreditTransaction"
"עצמאי","chkPersonStatus_i"
"עצמאי באמצעות מעסיק","chkPersonStatus_ci"
"ערבות","chkAshraiArvut"
"פדיון חודשי מכלל הסכום","chkPidyonAllAmount"
"פדיון חודשי ממסלול מסוים","chkPidyonMaslul"
"פדיון חלקי","chkPartialRevenue"
"פדיון חלקי -טקסט","txtPartialRevenue"
"פדיון לשיעורין","chkRevenueForLessons"
"פדיון מלא","chkTotalRevenue"
"פדיון של תגמולים","chkRedemptionOfRewards"
"פוליסת אלמנטר","chkElementPolicy"
"פוליסת ביטוח","txtInsurancePolicy"
"פוליסת בריאות","chkHealthPolicy"
"פוליסת חיים","chkLifePolicy"
"פועל בשם תאגיד","chkWorksOnBehalfTaagid"
"פועל עבור עצמי","chkRunningForMyself"
"פטור מתשלום מס הכנסה","chkTaxDeductionPtor"
"פיצוי פרישה","chkRetirementCompensation"
"פירוט מדינות","txtCountries"
"פנסיה מוקדמת","txtPersonPensiaEarly"
"פסגות חבר","chkPsagotHever"
"פעולה","txtAction"
"פעיל פוליטית","chkPoliticalactivist_Yes"
"פעילות בחו""ל","chkActivityAbroad"
"פקס לקוח","txtPersonFax"
"פקס מעסיק","txtPersonEmployerFax"
"פקס סוכן / מתכנן","txtAgentFax"
"פרט","chkIndividualRoute"
"פרטי התקשרות סוכן","txtAgentContactDetails"
"פרטי נספחים","txtAppendicesDetails"
"פריים","chkPrime"
"פריסת הלוואה קיימת","chkPrisaLoan"
"פרישה ממקום עבודה בלי למצוא חדשה 6 חודשים","chkLeaveJobWithoutFindNew"
"פרעון","chkPyraon"
"פרעון חלקי","chkPartOfPyraon"
"פרעון מלא","chkFullPyraon"
"צאצאי המוטב","chkBeneficiaryChildren"
"צבירה בלבד","chkAccumulationonly"
"צבירה והפקדות","chkAccrualCurrentDeposits"
"צדקה","chkCharity_"
"צו שיפוטי","chkJudicialOrder"
"צוואה","chkTzavaa"
"צוות","txtTeam"
"צימוד לדולר","chkDollarCoupling"
"צמוד לתוספת יוקר ללא תקרה","chkZamudYokerNoTikra"
"צמוד לתוספת יוקר עם תקרה","chkZamudYokerTikra"
"צמוד מדד","chkZamudMadad"
"קבועה","chkKvua"
"קבוצת חשבון","txtAccountGroup"
"קבלת קהל","chkPerformsDetectionReception"
"קו אשראי","chkAshraiLine"
"קוד גמל","chkGemelKod"
"קוד השתלמות","chkHishtalmutKod"
"קוד מוסד","txtInstitutionCode"
"קוד מסלול כספי","txtPersonMaslulCaspiChangeMaslulCode"
"קוד מסלול פיצויים- לא לשימוש","txtCodeMaslulPizuim_"
"קוד מסלול תגמולים- לא לשימוש","txtCodeMasluTagmulim"
"קוד מסלקה בנק","txtMislakaBank"
"קוד מסלקה סניף","txtMislakaBranch"
"קוד סוויפט","txtCodeSwift"
"קוד קופת גמל/השתלמות","txtMhKupa"
"קוד קופת גמל/השתלמות צקבוקס","chkMhKupa"
"קוד קרן הפנסיה","txtPensionFundCode"
"קוד קרן הפנסיה צק","chkPensionFundCode"
"קופה לא ממשוכנת","chkNoMishkun"
"קופה ממושכנת","chkYesMishkun"
"קופת גמל","chkKupaTypeGemel"
"קופת גמל  חסכון לכל ילד","chkKupaTypeGemelHisachonKolYeled"
"קופת גמל אישית לדמי מחלה","chkKupatGemelEshitDmeyMahala"
"קופת גמל אישית לפיצויים שאינה קופת ביטוח","chkGemelEshitLepizuimLoKupatBituah"
"קופת גמל אישית לפיצויים שהיא קופת ביטוח","chkGemelEshitLepizuimKupatBituah"
"קופת גמל להשקעה","chkKupaTypeGemelHashkaa"
"קופת גמל לחיסכון","chkKupatGemelLahisahon"
"קופת גמל לקצבה שהיא קופת ביטוח","chkKupatGemelLakitzvaKupatGemelBituah"
"קופת גמל לתגמולים שאינה קופת ביטוח","chkGemelTamlugimLoKupatBituah"
"קופת גמל לתגמולים שהיא קופת ביטוח","chkGemelTamlugimKupatBituah"
"קופת גמל מרכזית לדמי מחלה","chkKupatGemelMerkazitDmeyMahala"
"קופת גמל מרכזית לפיצויים","chkKupatGemelMerkazitLapizuim"
"קידומת חשבון","txtAccountPrefix"
"קיזוז הלוואה","chkLoanOffsets"
"קיים מיופה כוח שאינו בעל הרישיון","chkMeyupeKoahLicenseHolder"
"קיים מיופה כח בחשבון","chkThereIsAPowerOfAttorneyInTheAccount"
"קיים נהנה פרטיו טרם ידועים","chkExistingEnjoysItsDetailsYetUnknown"
"קיימות פוליסות נוספות","chkPolisotNosafot_Yes"
"קיימות קופות נוספות","chkKupotNosafot_Yes"
"קיימים בעלי שליטה בתאגיד","chkControllingShareholdersExist"
"קיימים יחסים מיוחדים","chkSpecialConnection"
"קיימים מקבלי שירות","chkServiceRecipientsExist"
"קיימים נהנים בחשבון","chkExistentBeneficiariesInAccount"
"קיימת פוליסה קשורה ללקוח","chkThereIsCustomerRelatedPolicy"
"קיצור הפוליסה הקיימת","chkShorteningInsurance"
"קיצור תקופת הביטוח","chkShorteningInsurancePeriod"
"קלאס מחלק","chkClassMehalek"
"קלאס צובר","chkClassZover"
"קצבה","chkToannuity"
"קצבה מביטוח לאומי","txtPersonKitzvaLeumi"
"קצבה פנסיה","txtPersonKitzvaPensia"
"קצבת זקנה וקצבת שאירים לאחר","chkKiztvaToOther"
"קצבת זקנה לעמית בלבד","chkKiztvaOnlyPerson"
"קרבה למוטב","txtProximityToMotav"
"קרבת משפחה - סימון","chkFamilyMemberKinship"
"קרוב של איש ציבור","chkPartnerPublicFigure"
"קרובי משפחה בישראל","chkPersonFamilyInIsrael"
"קרן השתלמות","chkKupaTypeIshtalmut"
"קרן השתלמות מיוחדת למורים","chkKerenHistalmutMorim"
"קרן חדשה זכאית","chkKerenHadashaZakait"
"קרן חדשה שאינה זכאית","chkKerenHadashaLoZakait"
"קרן פנסיה","chkKupaTypePensya"
"קשרים חברתיים","chkSocialConnections"
"קשרים כלכליים","chkEconomicConnections"
"קשרים משפחתיים","chkFamilyConnections"
"רווח מעסקים","chkEmployersProfit"
"רווחים","chkEarnings"
"רווק","chkPersonMaritalStatus_s"
"רווק-אחר","chkOtherMaritalStatus_s"
"רחוב","txtPersonStreet"
"רחוב - בנק","txtBankStreet"
"רחוב באנגלית","txtPersonStreetEnglish"
"רחוב בעל החשבון","txtfAccountOwnerStreet"
"רחוב ומס בית באנגלית","txtPersonStreetAndHouseNumberEnglish"
"רחוב ומספר בית - אחר אנגלית","txtOtherStreetAndHouseNumberEnglish"
"רחוב ומספר דירה","txtPersonStreetAndHouseNumber"
"רחוב לקוח באנגלית","txtPersonStreetInEnglish"
"רחוב מבוטח","txtInsureStreet"
"רחוב מבקש הבקשה","txtMevakeshStreet"
"רחוב מוטב","txtBetterStreet"
"רחוב מתכנן / סוכן","txtPlannerStreet"
"רחוב סוכנות","txtAgencyStreet"
"רחוב-אחר","txtStreetOther"
"רחוב-אחר אנגלית","txtStreetOtherEnglish"
"ריבית","txtAnnualInterestRate"
"רכישת דירה","chkApartmentPurchase"
"רכישת כיסוי ביטוחי","chkPurchaseInsuranceCoverage"
"רכישת רכב","chkPurchaseOfvehicles"
"רמת השכלה","chkEducationLevel_"
"רק החשבון הזה","chkOnlyAccount"
"שאיר","chkshair"
"שאר המוטבים בחלקים שווים","chkBeneficiariesInEqualParts"
"שווי מוערך","txtPropertyEstimatedValue"
"שוטף בלבד","chkCurrentOnly"
"שוטר/סוהר/משרת קבע וחלף זמן מפרישתי","chkSoldierRetired"
"שותף עסקי","chkBusinessPartner"
"שינוי בפוליסת ביטוח החיים","chkChangeInLifeInsurancePolicy"
"שינוי הוראה","chkChangeHoraa"
"שינוי הפקדה","chkChangeDeposits_"
"שינוי מסלול השקעה בהפקדות","chkMaslulHafkda"
"שינוי מסלול השקעה בצבירה","chkMaslulMichtaber"
"שינוי מסלול חיסכון","chkChangeSavinsTrack"
"שינוי פרטי חשבון בנק","txtChangingBankDetails"
"שיעור ההיוון","txtAmountIvunPercent"
"שיעור הריבית השנתית","chkAnnualInterestRate"
"שיעור הריבית השנתית-טקסט","txtAnnualInterestRate"
"שיעור התגמולים הקובע","txtDeterminingRateOfRewards"
"שיעור התגמולים הקובע 16%","chkDeterminingRateOfRewards"
"שיעור התגמולים הקובע אחר","chkDeterminingRateOfRewardsOther"
"שיעור כיסוי ביטוחי לנכות","chkDisabilityPercentageRate"
"שיעור כיסוי ביטוחי לשאירים","chkShairimPercentageRate"
"שיעור כיסוי ביטוחי לשאירים(טקסט)","txtShairimPercentageRate"
"שיעור לגביה","txtCollectionRate"
"שיעור מתוך סכום ההפקדה","txtPersonIPercentSum_"
"שיעור ניכוי מס הכנסה","chkTaxDeductionPrecentage"
"שיק","chkTashlumChek"
"שירותי בריאות נוספים","chkAdditionalHealthServices_Yes"
"שיתופי","chkPersonStatus_c"
"שכיר","chkPersonStatus_e"
"שכיר בעל שליטה","chkPersonStatus_c"
"שכיר ועצמאי","chkEmployeeAndSelfEmployed"
"שכיר ללא הפקדות","chkPersonStatus_cwd"
"שכיר ממשלתי","chkGovermentPrivate"
"שכיר פרטי","chkEmployeePrivate"
"שכר ברוטו","txtPersonSalaryGross"
"שכר מעיסוק נוסף","txtPersonOtherSalary"
"שכר נטו","txtPersonSalaryNet"
"שכר עמית","txtPersonSalary"
"שליחה באמצעות פקס","txtSendByFax"
"שליחה לכתובת-טקסט","txtSendAnEmailTo"
"שליחת הדוח השנתי במייל ולא בדואר","chkPersonAgreeSendReportInMail"
"שליחת מייל לכתובת -צ'ק","chkSendAnEmailTo"
"שם איש ציבור","txtNamePublicFigure"
"שם איש קשר נוסף למשקיע","txtAnotherContactFullName"
"שם אפוטרופוס מלא","txtOptionalApotFullName"
"שם בית השקעות","txtNameOfInvestmentHouse"
"שם בנק","txtPersonBankName"
"שם בנק וסניף","txtBankNameAndBranch"
"שם בנק מוטב","txtMutavBankName"
"שם בעל החשבון","txtNameOfAccountOwner"
"שם בעל הפוליסה","txtPolicyOwnerName"
"שם בעל השליטה","txtControllingShareholdersFullName_"
"שם בעל כרטיס האשראי","txtCreditCardName"
"שם בעלי החשבון","txtNameHeshbonBank"
"שם גוף מנהל","txtInstitueName"
"שם דירקטור","txtDirectorName_"
"שם האפטרופוס ות.ז","txtOptionalAportFullNameAndID"
"שם הגוף מנהל/קופת גמל/קרן השתלמות המעביר","txtMovingCompany_DUPLICATED_1"
"שם החברה המנהלת(טקסט)","txtManagingCompanyName"
"שם החברה המנהלת(צ'ק בוקס)","chkManagingCompanyName"
"שם המאמת","txtVerifiesName"
"שם המוסד","txtMosadName"
"שם המזהה","txtIdentifyName"
"שם המעסיק","txtPersonEmployerName"
"שם המשווק","txtNameReseller"
"שם המשלם","txtNameOfpayer"
"שם הסוכנות","txtAgencyName"
"שם הסוכנות \ שם סוכנות","txtOfficeName"
"שם הערב להלוואה","txtArevFullName"
"שם הקופה המעבירה","txtMovingMaslul_DUPLICATED_1"
"שם התאגיד","txtNameOfCorporation"
"שם וחתימה נציג קיבוץ","imgRepresentativeKibbutzNameAndSignature"
"שם וחתימת מורשה חתימה","imgNameAndSignatureAuthorizedSignature"
"שם וחתימת עמית\אפוטרופוס","imgOptionalApotNameAndSignatureColleage"
"שם ומספר בנק","txtPersonBankNameAndNumber"
"שם ומספר בנק מוטב","txtMutavBankBranchNameAndNumber"
"שם ומספר סוכן / מתכנן","txtAgentNameAndNumber"
"שם ומספר ת.ז","txtNameAndIDNumber"
"שם חברה","txtCompanyName"
"שם חותם","txtFullnameHotem"
"שם חותמים","txtFullNameHotmim"
"שם חשבון","txtAccountName"
"שם לקוח מלא","txtFullNamePerson"
"שם לקוח מלא ות.ז","txtFullNamePersonAndId"
"שם מבוטח מלא","txtFullNameInsure"
"שם מבצע האימות","txtVerificationOperationName"
"שם מדינה - כללי","txtCountryName"
"שם מוטב","txtFullNameMutav"
"שם מוסד","txtInstitutionName"
"שם מוסמך לבצע פעילות השקעה בתאגיד","txtMusmahFullName"
"שם מלא","txtPersonNotOwnerFullname"
"שם מלא - אחר
 / נהנים","txtFullNameOther"
"שם מלא - אחר אנגלית","txtFullNameOtherEnglish"
"שם מלא אפוטרופוס","txtApoFullApot"
"שם מלא בן \ בת זוג","txtSecondPersonFullName"
"שם מלא לקוח באנגלית","txtFullNamePersonEnglish"
"שם מלא מבקש הבקשה","txtFullNameMevakesh"
"שם מלא מורשה חתימה","txtFullNameAuthorizedSignature"
"שם מלא נציג","txtRepresentativeFullName"
"שם מלא סוכן ביטוח","txtInsuranceAgentName"
"שם מלא רואה חשבון","txtCpaName"
"שם מלא שותף עקסי","txtFullNamePersonPartner"
"שם מלא של התכנן","txtPlannerFullName"
"שם מלא- אחר","txtAnotherFullName_"
"שם מלא-מוטב","txtBetterFullName_"
"שם מנהל עסקי","txtBusinessManager"
"שם מסלול / העברה בחלקית / /ניוד חלקי","txtNameMaslul"
"שם מסלול חדש","chkNewRouteName"
"שם מסלול כספי","txtPersonMaslulCaspiChangeMaslulName"
"שם מסלול כספי פיצויים","txtMaslulPizuimCaspiChangeMaslulName"
"שם מסלול כספי תגמולים","txtMaslulTagmulimCaspiChangeMaslulName"
"שם מסלול מעביר","chkNameOfTransferRoute"
"שם מסלול פיצויים","txtNameMaslulPizuim_"
"שם מסלול צ'ק","chkNameMaslul"
"שם מסלול של קופה מעבירה","txtNameMovingMaslul"
"שם מסלול תגמולים","txtNameMaslulTagmulim_"
"שם מעסיק טרם פרישה","txtPersonEmployerNameBeforeRetirment"
"שם מפקח","txtNameInspector"
"שם מקנה מתנה","txtNameMakne"
"שם משפחה","txtPersonNotOwnerLastName"
"שם משפחה - אחר / נהנים","txtLastNameOther"
"שם משפחה - אחר אנגלית","txtLastNameOtherEnglish"
"שם משפחה באנגלית","txtLastNameEnglish"
"שם משפחה בן \ בת זוג","txtSecondPersonLastName"
"שם משפחה בן משפחה","txtFamilyMemberLastName_"
"שם משפחה בעל הפוליסה","txtPolicyOwnerLastName"
"שם משפחה בעל השליטה","txtLastNameOfTheControllingShareholder"
"שם משפחה בעלי החשבון","txtLastNameOfAccountOwner"
"שם משפחה חותם","txtLastNameHotem"
"שם משפחה ילד","txtKidLastName"
"שם משפחה לקוח","txtPersonLastNameCRS"
"שם משפחה מיופה כוח","txtLastNameMeyupeKoah"
"שם משפחה מקנה מתנה","txtLastNameMakne"
"שם משפחה משלם","txtLastNameOfPayer"
"שם משפחה מתכנן / סוכן","txtPlannerLastName"
"שם משפחה נציג","txtRepresentativeLastName"
"שם משפחה סוכן","txtAgentLastName"
"שם משפחה שותף עסקי","txtLastNamePersonPartner"
"שם משפחה שייכות","txtPersonLastName"
"שם משפחה- מוטב","txtBetterLastName_"
"שם משרד שומה","txtTaxOfficeName"
"שם נותן המתנה","txtFullNameOfGivingAGift"
"שם סוכן","txtAgentName"
"שם סניף בנק","txtPersonBankBranchName"
"שם עובד","txtWorkerName"
"שם עורך דין","txtLawyerName"
"שם עסק","txtBusinessName"
"שם פוליסה","txtNameOfPolicy"
"שם פוליסה- טקסט","chkNameOfPolicy_"
"שם פקיד","txtNameOfClerk"
"שם פרטי","txtPersonNotOwnerFirstName"
"שם פרטי - אחר / נהנים","txtFirstNameOther"
"שם פרטי - אחר אנגלית","txtFirstNameOtherEnglish"
"שם פרטי באנגלית","txtFirstNameEnglish"
"שם פרטי בן \ בת זוג","txtSecondPersonFirstName"
"שם פרטי בן משפחה","txtFamilyMemberFirstName_"
"שם פרטי בעל הפוליסה","txtPolicyOwnerFirstName"
"שם פרטי בעל השליטה","txtFirstNameOfTheControllingShareholder"
"שם פרטי בעלי החשבון","txtFirstNameOfAccountOwner"
"שם פרטי ומשפחה","txtPersonFullName"
"שם פרטי חותם","txtFirstNameHotem"
"שם פרטי ילד","txtKidFirstName"
"שם פרטי לקוח","txtPersonFirstNameCRS"
"שם פרטי מיופה כוח","txtFirstNameMeyupeKoah"
"שם פרטי מקנה מתנה","txtFirstNameMakne"
"שם פרטי משלם","txtFirstNameOfPayer"
"שם פרטי מתכנן / סוכן","txtPlannerFirstName"
"שם פרטי נציג","txtRepresentativeFirstName"
"שם פרטי סוכן","txtAgentFirstName"
"שם פרטי שותף עסקי","txtFirstNamePersonPartner"
"שם פרטי שייכות","txtPersonFirstName"
"שם פרטי- מוטב","txtBetterFirstName_"
"שם קופת חולים","txtKupatHolim"
"שם קרן הפנסיה","txtPensionFundName"
"שם רופא מטפל","txtDoctorName"
"שם תכנית ביטוח","txtInsurancePlanName"
"שמות לקוחות","txtCustomersName"
"שמות ספקים","txtSuppliersName"
"שנה לפדיון","txtYearPidyon"
"שנת חתימה","txtSignatureYear"
"שנת מס","txtPaymentTaxYear"
"שנת קופה","txtAccountYear"
"שפיצר","chkShpizer"
"שפיצר+גרייס","chkShpizerAndGrace"
"ת.ד","txtPersonApartmentPoBox"
"ת.ד אפוטרופוס","txtApotApartmentPoBox"
"ת.ד בנק","txtBankApartmentPoBox"
"ת.ד-אחר","txtApartmentPoBoxOther"
"ת.ד-אחר אנגלית","txtApartmentPoBoxOtherEnglish"
"ת.ז","txtPersonNationalID"
"ת.ז אחר","txtAnotherID_"
"ת.ז אפוטרופוס","txtOptionalApotID"
"ת.ז בן \ בת זוג","txtSecondPersonNationalID"
"ת.ז בן משפחה","txtFamilyMemberNationalID_"
"ת.ז בעל הפוליסה","txtPolicyOwnerNationalID"
"ת.ז בעל השליטה","txtControllingShareholdersID_"
"ת.ז הורה","txtParentID"
"ת.ז המעסיק","txtEmployerID"
"ת.ז ילד","txtKidNationalID"
"ת.ז מבוטח","txtInsuredID"
"ת.ז מיופה כוח","txtMeyupeKoahID"
"ת.ז מקנה מתנה","txtIDMakne"
"ת.ז משלם","txtPayerID"
"ת.ז מתכנן / סוכן","txtPlannerNationalID"
"ת.ז סוכן / מתכנן","txtAgentID"
"ת.ז- אחר / נהנים","txtOtherID"
"ת.ז- אחר אנגלית","txtOtherIDEnglish"
"ת.ז.","txtHotemID"
"תאגיד","chkTaagid_yes"
"תאגיד אמריקאי","chkAmericanCorporation"
"תאריך","txtDate"
"תאריך אישור מעסיק לשינוי מסלול","txtDateOfEmployerApproval"
"תאריך ביטול פוליסה","txtCancelInsuranceDate"
"תאריך ביצוע","txtExecutionDate"
"תאריך בעל הפוליסה","txtPolicyOwnerDate"
"תאריך הנפקת ת.ז אפוטרופוס","txtOptionalApotDateHanpakaID"
"תאריך הפקדה","txtHafkadaDate"
"תאריך הצטרפות שותף עסקי","txtJoinDatePersonPartner"
"תאריך התאגדות","txtDateOfIncorporation"
"תאריך התחלת הביטוח_חודש","txtStartInsurance_m"
"תאריך התחלת הביטוח_שנה","txtStartInsurance_y"
"תאריך חודש","txtNowDate_Month"
"תאריך חיוב","txtBilingDate"
"תאריך חתימה - לא לקוח ראשי","txtPersonNotOwnerSignatureDate"
"תאריך חתימה -אחר","txtSignatureDateOther"
"תאריך חתימה אופציונאלית לקוח","txtOptionalPersonSignatureDate"
"תאריך חתימה בעלי החשבון","txtAccountSignatureDate"
"תאריך חתימה וחותמת לקוח","txtPersonSignatureAndStampDate"
"תאריך חתימה וחותמת מעסיק","txtSignAndstampOfemployerSignatureDate"
"תאריך חתימה וחותמת סוכן / מתכנן","txtAgentSignatureAndStampDate"
"תאריך חתימה מבצע זיהוי","txtIdentifyingOperationSignatureDate"
"תאריך חתימה מיופה כוח","imgMeyupeKoahsignutureDate"
"תאריך חתימה מקנה מתנה","txtSignatureMakneDate"
"תאריך חתימה סוכן / מתכנן","txtAgentSignatureDate"
"תאריך חתימת אפוטרופוס","txtApotSignatureDate"
"תאריך חתימת בן זוג לקוח","txtSecondPersonSignatureDate"
"תאריך חתימת בנק","txtBankSignatureDate"
"תאריך חתימת בעל חשבון","txtSigntureDateOfAccountOwner"
"תאריך חתימת הורה","txtSignatureOfParentDate"
"תאריך חתימת המבוטח","txtInsureSignatureDate"
"תאריך חתימת המשלם","txtDateOfsignatureOfthePayer"
"תאריך חתימת לקוח","txtPersonSignatureDate"
"תאריך חתימת מורשה חתימה","txtDateOfSigningAuthorizedAuthorization"
"תאריך חתימת מעסיק","txtEmployerSignatureDate"
"תאריך חתימת מתכנן / סוכן","txtPlannerSignatureDate"
"תאריך חתימת עורך דין","txtLawyerSignatureDate"
"תאריך חתימת פקיד","txtDateOfSignaturOfClerk"
"תאריך חתימת תאגיד","txtTaagidCorporateSignatureDate"
"תאריך חתימת אפוטרופוס","txtOptionalApotSignatureDate"
"תאריך חתימת שותף עסקי","txtPersonPartnerSignatureDate"
"תאריך יום","txtNowDate_Day"
"תאריך לידה","txtPersonDateOfBirth"
"תאריך לידה אפוטרופוס","txtOptionalApotBirthDate"
"תאריך לידה בן \ בת זוג","txtSecondPersonDateOfBirth"
"תאריך לידה בן משפחה","txtFamilyMemberDateOfBirth_"
"תאריך לידה ילד","txtKidDateOfBirth"
"תאריך לידה לקוח -חודש","txtPersonMonthOfBirth"
"תאריך לידה לקוח -יום","txtPersonDayOfBirth"
"תאריך לידה לקוח -שנה","txtPersonYearOfBirth"
"תאריך לידה מבוטח","txtInsureDateOfBirth"
"תאריך לידה מוטב","txtBetterDateOfBirth_"
"תאריך לידה- אחר","txtAnotherDateOfBirth_"
"תאריך לידה- אחר / נהנים","txtOtherBirthDate"
"תאריך לידה- אחר אנגלית","txtOtherBirthDateEnglish"
"תאריך לידה- בעל שליטה","txtControllingShareholdersDateOfBirth_"
"תאריך לידה-אנגלית","txtBirthDateEnglish"
"תאריך נזילות","txtNezilutDate"
"תאריך עלייה","txtImmigrationDate"
"תאריך פטירה","txtPersonDateOfDeath"
"תאריך קבלה","txtDateReceived"
"תאריך קבלת בקשה","txtDateOfReceiptOfApplication"
"תאריך שיק","txtDateLaunched"
"תאריך של היום","txtNowDate"
"תאריך שנה","txtNowDate_Year"
"תאריך תחילת גבייה","txtAzmaeitfirstDateToTashlum"
"תאריך תחילת הביטוח","txtPersonStartDateInsurance"
"תאריך תחילת התוכנית","txtPersonStartDatePolicy"
"תאריך תשלום","txtPaymentDate"
"תגמולי מעסיק","txtEmployerTagmulim"
"תגמולי עובד","txtEmployeeTagmulim"
"תגמולים ופיצוים","chkRewardsAndCompensation"
"תגמולים לעצמאים","chkRewardsForTheSelfEmployed"
"תדירות תשלום עצמאי","txtAzmaeiTadirotTashlum"
"תדירות תשלום עצמאי(צקבוקס)","chkAzmaeiTadirotTashlum"
"תוכנית העברה","txtTransferringPlan"
"תוספת שחרור","chkShihrur"
"תוקף כרטיס אשראי","txtCreditCardValidity"
"תושב ארה""ב","chkUSResident"
"תושב ארה""ב לצורכי מס","chkUSResidentForTaxPurposes"
"תושב חוץ","chkPersonExpatriate"
"תושב חוץ ב5 שנים האחרונות","chkForeignResidentForTheLast5Years"
"תושב חוץ לקוח לא בעלים","chkNotOwnerExpatriate"
"תחביב","txtHobby"
"תחום השקעה","txtInvestmentArea"
"תחום עיסוק","chkLineOfBusiness"
"תחום עיסוק של הילד","txtKidLineOfBusiness"
"תיאור מפורט של הפעילות","txtDescriptionOfTheTransaction"
"תיקון 190 - כן/לא","chkTikun190_"
"תיקון 190 190","chkClassOrTikun190_190"
"תיקון 190 עצמאי","chkClassOrTikun190_i"
"תיקון 190 שכיר","chkClassOrTikun190_e"
"תכיפות ההוצאה","txtExpenditureFrequency"
"תכנית ביטוח","chkTohnitBituah"
"תמונת מנעול","imgLockImage"
"תמיכה מההורים","txtPersonParentHelp"
"תעודת זהות מורשה חתימה","txtAuthorizedSignatoryId"
"תעודת זהות ערב להלוואה","txtArevNationalID"
"תעודת זהות שותף עסקי","txtIdPersonPartner"
"תפקיד","txtJob"
"תפקיד אחרון","txtPersonLastRole"
"תפקיד אחרון טרם פרישה","txtPersonLastRoleBeforeRetirment"
"תפקיד איש ציבור","chkPersonRole"
"תפקיד איש ציבור זר","chkroleOfForeignPublicFigure"
"תפקיד איש ציבור לקוח","chkPersonRole"
"תפקיד איש ציבור מקומי","chkRoleOfLocalPublicFigure"
"תפקיד איש ציבור שותף . בן משפחה","chkLocalPublicManRole"
"תפקיד אישור ציבור- מדינה בן משפחה.שותף","txtPublicManProximity"
"תפקיד אישור ציבור- מדינה לקוח","txtPersonProximity"
"תפקיד מורשה חתימה בחברה","txtAuthorizedSignatoryRole"
"תפקיד פקיד","txtClerkRole"
"תקופה","txtPeriod"
"תקופה בשנים","txtPeriodInYears"
"תקופת ביטוח טקסט","txtInsurancePeriod"
"תקופת ביטוח צ'ק","chkInsurancePeriod"
"תקופת גרייס","txtPeriodGrace"
"תקופת הבלון","txtPeriodBalon"
"תקופת ההלוואה","txtPeriodLoan"
"תקופת החסכון","chkTheSavingsPeriod"
"תקופת השנים לפדיון","txtYearsTomaturity"
"תקופת מסלול כספי 12 חודשים","chkPersonMaslulCaspiPeriod12"
"תקופת מסלול כספי 12 חודשים פיצויים","chkMaslulPizuimCaspiPeriod12"
"תקופת מסלול כספי 12 חודשים תגמולים","chkMaslulTagmulimCaspiPeriod12"
"תקופת מסלול כספי 24 חודשים","chkPersonMaslulCaspiPeriod24"
"תקופת מסלול כספי 24 חודשים פיצויים","chkMaslulPizuimCaspiPeriod24"
"תקופת מסלול כספי 24 חודשים תגמולים","chkMaslulTagmulimCaspiPeriod24"
"תקופת מסלול כספי 6 חודשים","chkPersonMaslulCaspiPeriod6"
"תקופת מסלול כספי 6 חודשים פיצויים","chkMaslulPizuimCaspiPeriod6"
"תקופת מסלול כספי 6 חודשים תגמולים","chkMaslulTagmulimCaspiPeriod6"
"תקרת סכום חיוב","txtBillingAmountCeiling"
"תקרת סכום חיוב - סימון","chkBillingAmountCeiling"
"תרומה","chkDonations"
"תרומות","chkDonations"
"תשלום  שנתי","txtAnnualPayment"
"תשלום בשנת המס כן","chkPaymentTaxYear_Yes"
"תשלום בשנת המס לא","chkPaymentTaxYear_No"
"תשלום חד פעמי","chkOneTimePayment"
"תשלום חודשי לתקופה","chkMonthlyPaymentPeriod"
"תשלום עפ""י ערכאה משפטית","chkPaymentMishpatit"
"תשלום שוטף חודשי","txtMonthlyPayment"
"תשלום שוטף חודשי קופה לא משלמת","txtMonthlyPaymentNotMeshalem"
"תשלום שוטף חודשי קופה משלמת","txtMonthlyPaymentMeshalem"
"תשלומי מעסיק","txtEmployerPayment"
