field_name,prefix
chkAboveTheQualifyingTaxCeiling,chk
chkAccept,chk
chkAcceptMaslul_,chk
chkAccordingToAnAgreement,chk
chkAccountCredit,chk
chkAccountManagementByApot,chk
chkAccountManagementByGuardian,chk
chkAccountManagementByMeGivesAGift,chk
chkAccrualCurrentDeposits,chk
chkAccruedBalanceAndDeposits,chk
chkAccumulatedSavings_,chk
chkAccumulationonly,chk
chkActivityAbroad,chk
chkAdditionalHealthServices_No,chk
chkAdditionalHealthServices_Yes,chk
chkAffiliationIsrael_Business,chk
chkAffiliationIsrael_Family,chk
chkAffiliationIsrael_None,chk
chkAffiliationIsrael_Residence,chk
chkAffiliationIsrael_Work,chk
chkAfter4Month,chk
chkAgentInsurence,chk
chkAgreeToTheInformationToBeRetained_,chk
chkAllAcount,chk
chkAllBalanceOfFunds_,chk
chkAllBalancesIncludeCurrentDeposits,chk
chkAllEmployers,chk
chkAllEmployersFullAttraction,chk
chkAllEmployersMaxTax,chk
chkAllPoliciesOfTheInsured,chk
chkAllowLoan,chk
chkAlltogether,chk
chkAmericanCorporation,chk
chkAmit,chk
chkAmlaType_EqualAmla,chk
chkAmlaType_OneTimePayment,chk
chkAmountOfTheInvestment,chk
chkAnAccountOfMyName,chk
chkAnInsuranceAgentWillDoingAction,chk
chkAnInsuranceAgentWillDoingActionBuySell,chk
chkAnInsuranceAgentWillReceivInformation,chk
chkAnnounceNoFundsWillBeDeposited,chk
chkAnnualBusinessCycle_,chk
chkAnnualInterestRate,chk
chkAnotherPersonDirectsTheActivityInAccount,chk
chkApMaslul,chk
chkApTavla,chk
chkApartmentPurchase,chk
chkApotExpatriate,chk
chkApotFemale,chk
chkApotMale,chk
chkApotResident,chk
chkApotrop,chk
chkApplicationForAppointmentOfAgent,chk
chkApplicationProcessedUnderAnyCondition,chk
chkAppointedBetterAccount,chk
chkApprovalForLoanDeduction,chk
chkArshaaKlalitMugbelet,chk
chkAshraiAlvaa,chk
chkAshraiArvut,chk
chkAshraiLine,chk
chkAshraiMashkanta,chk
chkAshraiMisgeret,chk
chkAshraiMithadesh,chk
chkAttachedDocument,chk
chkAttractedByMemberOfInvestmentProvidentFund,chk
chkAttractionBeforeLaw,chk
chkAttractionByBeneficiaryHeir,chk
chkAttractionByTheFellow,chk
chkAttractionDeadAmit,chk
chkAttractionDirectDebit,chk
chkAttractionHishtalmut,chk
chkAttractionHivunKizvaMucar,chk
chkAttractionOptions,chk
chkAttractionPizuim,chk
chkAttractionTagmulimNotFinish,chk
chkAttractionVetekOtherHishtalmutFoundation,chk
chkAttractionZviraLow,chk
chkAutomaticDialingSystem,chk
chkAzmaeiTadirotTashlum,chk
chkBalanceForTrack,chk
chkBalon,chk
chkBankBranch,chk
chkBankCustomer_No,chk
chkBankCustomer_Yes,chk
chkBankDisclaimer,chk
chkBankTransfer,chk
chkBarMichva,chk
chkBePaidAsFollows,chk
chkBePaidToMyHeirsAccordingToLaw,chk
chkBefore4Month,chk
chkBeneficiariesInEqualParts,chk
chkBeneficiariesOfTheirRelativeShare,chk
chkBeneficiaryChildren,chk
chkBetterFeMale_,chk
chkBetterInCaseCorporationDies,chk
chkBetterInCaseFamilyMemberDies,chk
chkBetterInCaseNotCorporationDies,chk
chkBetterInCaseNotFamilyMemberDies,chk
chkBetterInCaseNotOfDeathForeignPublicFigure,chk
chkBetterInCaseNotOfDeathLocalPublicFigure,chk
chkBetterInCaseOfDeath,chk
chkBetterInCaseOfDeathForeignPublicFigure,chk
chkBetterInCaseOfDeathLocalPublicFigure,chk
chkBetterInCaseOfDeathRelative,chk
chkBetterNotInCaseOfDeathRelative,chk
chkBettertMale_,chk
chkBillingAccountMatah,chk
chkBillingAccountMati,chk
chkBillingAccountShekel,chk
chkBillingAmountCeiling,chk
chkBillingMutavAccount,chk
chkBillingPersonAccount,chk
chkBirthUsa_no,chk
chkBirthUsa_yes,chk
chkBituahPensiyoni,chk
chkBrokerAccount,chk
chkBrokerAccountBankNumber,chk
chkBrokerAccountNumber,chk
chkBrokerBankBranch,chk
chkBuisnessInIsrael,chk
chkBuisnessNotInIsrael,chk
chkBusinessAdministration,chk
chkBusinessOwner,chk
chkBusinessPartner,chk
chkBusinessSector_,chk
chkCRS_i,chk
chkCRS_io,chk
chkCRS_no,chk
chkCRS_o,chk
chkCRS_yes,chk
chkCancelInsurance,chk
chkCancelInsurancePeriod,chk
chkCancellationOfAStandingOrder,chk
chkCapitalFunds,chk
chkCarSales,chk
chkChangeDeposits_,chk
chkChangeHoraa,chk
chkChangeInLifeInsurancePolicy,chk
chkChangePolisa,chk
chkChangeSavinsTrack,chk
chkChangingInvestementPath,chk
chkChangingInvestementPath_,chk
chkCharity_,chk
chkCheckNumber,chk
chkChek,chk
chkChildSavings_,chk
chkCigar,chk
chkCigarettes,chk
chkCitizenUSA_no,chk
chkCitizenUSA_no_1,chk
chkCitizenUSA_no_2,chk
chkCitizenUSA_yes,chk
chkCitizenUSA_yes_1,chk
chkCitizenUSA_yes_2,chk
chkClassDolarMehalek,chk
chkClassDolarMehalekAndZover,chk
chkClassDolarZover,chk
chkClassDollarMehalek,chk
chkClassDollarMehalekAndZover,chk
chkClassDollarZover,chk
chkClassMehalek,chk
chkClassMehalekAndZover,chk
chkClassOrTikun190_190,chk
chkClassOrTikun190_e,chk
chkClassOrTikun190_i,chk
chkClassShekelMehalek,chk
chkClassShekelMehalekAndZover,chk
chkClassShekelZover,chk
chkClassZover,chk
chkClientKnownMePersonally,chk
chkCloseLoanWithdrawal,chk
chkClosePayment,chk
chkClosingALoan,chk
chkClosingPartOfLoan,chk
chkColleaguePassedAway,chk
chkCollectionCompany,chk
chkCollectionCredit,chk
chkCollectionDirectDebit,chk
chkCollectionEmployer,chk
chkCommitsToGivingTheBeneficiaryDetails,chk
chkCommssionKind,chk
chkCompanyInsurence,chk
chkCompanyOwner,chk
chkCompensationMoney,chk
chkConfirmingInformation,chk
chkConnectToFileManagment,chk
chkContinueMonthlyDeposits,chk
chkContinueStandingOrder,chk
chkContinueWithCoveragePHI,chk
chkContinuedPayments,chk
chkControllingShareholders,chk
chkControllingShareholdersExist,chk
chkCorporatePolicyHolder,chk
chkCounselor,chk
chkCountryOfBirthNotUSA,chk
chkCountryOfBirthUSA,chk
chkCountryOfIncorporation,chk
chkCreditCardtype_,chk
chkCreditTransaction,chk
chkCumulativeBalance,chk
chkCurrencyCode_,chk
chkCurrencyCode_ILS,chk
chkCurrencyCode_USD,chk
chkCurrentDeposits,chk
chkCurrentOnly,chk
chkCustomerPresentedID,chk
chkDedicate,chk
chkDefaultMutavim,chk
chkDefaultMutavimNo,chk
chkDefaultMutavimYes,chk
chkDependingOnTypeOfProvidentFund,chk
chkDepositAmount,chk
chkDepositMode,chk
chkDepositsPlannedByAnotherPartyInAccount,chk
chkDepositsonly,chk
chkDeterminingRateOfRewards,chk
chkDeterminingRateOfRewardsOther,chk
chkDigitalPost,chk
chkDirectDebit,chk
chkDirectingTheAccountActivity,chk
chkDisabilityPercentageRate,chk
chkDisabilityWasEstablished,chk
chkDisclaimer,chk
chkDisposableMobility,chk
chkDoNotagreedocumentAndNoticesShouldBeSentByEmail,chk
chkDocumentAccountBillingInstruction,chk
chkDocumentAppointmentOfGuardian,chk
chkDocumentIndependentAssociateStatement,chk
chkDocumentMoneyTransferRequest,chk
chkDocumentOneTimeDepositInstruction,chk
chkDocumentPowerOfAttorney,chk
chkDocumentReasoning,chk
chkDocumentRegisteredIndependentVAT,chk
chkDoesNotReceiveService,chk
chkDollarCoupling,chk
chkDonations,chk
chkEarnings,chk
chkEconomicConnections,chk
chkEducationLevel_,chk
chkElectronicCigarett,chk
chkElementPolicy,chk
chkEmailAddressListedAbove,chk
chkEmployeeAndSelfEmployed,chk
chkEmployeeOrEmployer,chk
chkEmployeePrivate,chk
chkEmployer,chk
chkEmployerAccept,chk
chkEmployerAgreemant,chk
chkEmployerConfirmation,chk
chkEmployerDeclaration,chk
chkEmployersProfit,chk
chkExistentBeneficiariesInAccount,chk
chkExistingDirectiveExists,chk
chkExistingEnjoysItsDetailsYetUnknown,chk
chkExpectedDepositsFromAForeignCountry,chk
chkExpectedScopeOfActivity_,chk
chkExpectedStrokes7500,chk
chkExpectedStrokes_,chk
chkExpectedStrokes_Anona,chk
chkExpectedStrokes_Casual,chk
chkExpectedStrokes_Gamla,chk
chkExpectedStrokes_Seldom,chk
chkExpiryDate,chk
chkExpiryDate__1,chk
chkFamily,chk
chkFamilyConnections,chk
chkFamilyMedicalExpenses,chk
chkFamilyMember,chk
chkFamilyMemberFemale,chk
chkFamilyMemberKinship,chk
chkFamilyMemberMale,chk
chkFamilyMemberPercentageShare_,chk
chkFemaleOther,chk
chkFinanceFromAbroad,chk
chkFinancialActivityReason,chk
chkFinancialManagement,chk
chkFocusOrNameOfRepresentative,chk
chkForTheBenefitOfThirdParty,chk
chkForceMappingRequest,chk
chkForeignCurrencyTransfer,chk
chkForeignPublicMan,chk
chkForeignResidentForTheLast5Years,chk
chkForeignWorker_,chk
chkForeignerCitizent,chk
chkFormerCitizen,chk
chkFullPyraon,chk
chkFullTransferFromVarietyDetails,chk
chkFundsForAnotherPerson,chk
chkFundsInAccountHeldForAnotherPerson,chk
chkFundsInPolicyWillbeDepositedForAnotherEntity,chk
chkFundsWithdrawalKupaGemel,chk
chkFundsWithdrawalTagmulimAndPizuim,chk
chkFundsWithdrawalTagmulimAzmai,chk
chkFundsWithdrawalTagmulimEmployed,chk
chkGemel,chk
chkGemelAshkaa,chk
chkGemelEshitLepizuimKupatBituah,chk
chkGemelEshitLepizuimLoKupatBituah,chk
chkGemelKod,chk
chkGemelTamlugimKupatBituah,chk
chkGemelTamlugimLoKupatBituah,chk
chkGift,chk
chkGil60,chk
chkGil60Gimlaut,chk
chkGil60HalfWork,chk
chkGil60Vetek5,chk
chkGivesTheMinorTheFundsThatWillAccrueInTheAccount,chk
chkGoremMeshalem,chk
chkGovermentPrivate,chk
chkGrace,chk
chkGrantSenior_,chk
chkGreenCard,chk
chkGvia01Month,chk
chkGvia10Month,chk
chkHaavaraOtherKupa,chk
chkHafkadaChek,chk
chkHafkadaHaavara,chk
chkHafkadaHadPeami,chk
chkHafkadaHadPeamiAndShotef,chk
chkHafkadaHadPeamiAndShotef_2,chk
chkHafkadaHadPeamiWithoutShotef,chk
chkHafkadaHadPeamichk_2,chk
chkHafkadaShotef,chk
chkHafkadaShotefChk_2,chk
chkHafkadaShotefWithoutHadPeami,chk
chkHafkadotOnly,chk
chkHafkdaOther,chk
chkHafkdaShotefet,chk
chkHafkdaShotefetCredit,chk
chkHafkdaShotefetDirectDebit,chk
chkHafkdaShotefet_H,chk
chkHafkdaShotefet_M,chk
chkHafkdaShotefet_Q,chk
chkHafkdaShotefet_Y,chk
chkHavara05Month,chk
chkHavara10Month,chk
chkHavara20Month,chk
chkHaveStandingOrder,chk
chkHazharaAccountSeniorityAbove3Hishtalmut,chk
chkHazharaAccountSeniorityAbove3RetirementAge,chk
chkHazharaAccountSeniorityAbove6,chk
chkHazharaApprovalWithdrawal,chk
chkHazharaPartialAttractionHishtalmut,chk
chkHazharaPartialAttractionHishtalmutSaving,chk
chkHazharaPartialAttractionSeniorityHishtalmutNazil,chk
chkHazharaWithdrawalBerforeEligibility,chk
chkHealthDeclaration,chk
chkHealthPolicy,chk
chkHishtalmut,chk
chkHishtalmutKod,chk
chkHoldForMeBy,chk
chkHolderOfSinglePolicy,chk
chkHoliday,chk
chkHoraatKevaArshaaKlalit,chk
chkIDidNotAppointBetterAccount,chk
chkImporterDisclaimer,chk
chkInOneOfTheseCountries,chk
chkIncomeLevel,chk
chkIndependentWay,chk
chkIndependentWithoutJob,chk
chkIndividualRoute,chk
chkInstitutionCode_Gemel,chk
chkInstitutionCode_GemelHashkaa,chk
chkInstitutionCode_GemelHisachonKolYeled,chk
chkInstitutionCode_Hishtalmut,chk
chkInstitutionCode_Pensya,chk
chkInstitutionCode_PensyaKlalit,chk
chkInstitutionCode_PensyaMakifa,chk
chkInstitutionCode_XXX,chk
chkInsuranceCandidate,chk
chkInsuranceCoverage,chk
chkInsuranceMaslul,chk
chkInsuranceMoney,chk
chkInsurancePeriod,chk
chkInsuranceUpToAge,chk
chkInsureActiveInsuranceFund,chk
chkInsureActiveOldPensionFund,chk
chkInsureFemale,chk
chkInsureMale,chk
chkInsureMaritalStatus_d,chk
chkInsureMaritalStatus_m,chk
chkInsureMaritalStatus_s,chk
chkInsureMaritalStatus_w,chk
chkInsureResidentForTaxPurposes_no,chk
chkInsureResidentForTaxPurposes_yes,chk
chkInsuredPerformsTheActivityForAnotherPerson,chk
chkInvestmentHouse_,chk
chkIsCorporation,chk
chkIshurHeshbon,chk
chkIsraelAndForeignerCitizent,chk
chkIsraelCitizent,chk
chkIsraelPost,chk
chkIvunKizva,chk
chkIztarfutAndHaavara,chk
chkIztarfutOnly,chk
chkJudicialOrder,chk
chkKerenHadashaLoZakait,chk
chkKerenHadashaZakait,chk
chkKerenHistalmut,chk
chkKerenHistalmutMorim,chk
chkKibutzMember_No,chk
chkKibutzMember_Yes,chk
chkKidFemale,chk
chkKidMale,chk
chkKindChargingFees,chk
chkKindCollectionCommissions,chk
chkKindExpectedStrokes_,chk
chkKindOfAmount,chk
chkKiztvaOnlyPerson,chk
chkKiztvaToOther,chk
chkKizuzLoan,chk
chkKnownForExpectedDepositing,chk
chkKnownForExpectedWithdrawals,chk
chkKupaTypeGemel,chk
chkKupaTypeGemelHashkaa,chk
chkKupaTypeGemelHisachonKolYeled,chk
chkKupaTypeIshtalmut,chk
chkKupaTypePensya,chk
chkKupaTypePensyaKlalit,chk
chkKupaTypePensyaMakifa,chk
chkKupatGemelEshitDmeyMahala,chk
chkKupatGemelHisachonKolYeled,chk
chkKupatGemelLahisahon,chk
chkKupatGemelLakitzvaKupatGemelBituah,chk
chkKupatGemelMerkazitDmeyMahala,chk
chkKupatGemelMerkazitLapizuim,chk
chkKupatHolimMember_No,chk
chkKupatHolimMember_Yes,chk
chkKupotNosafot_No,chk
chkKupotNosafot_Yes,chk
chkKvua,chk
chkLeaveJobWithoutFindNew,chk
chkLegalDepositOfFunds,chk
chkLegalWithdrawalOfFunds,chk
chkLicensedToOperate,chk
chkLicenseeDeclares,chk
chkLicenseeDoesNotDeclare,chk
chkLifeInsurance,chk
chkLifePolicy,chk
chkLineOfBusiness,chk
chkLiveParentsHouse,chk
chkLoanForOffsetLoanOnly,chk
chkLoanNotNazil,chk
chkLoanOffsets,chk
chkLocalPublicMan,chk
chkLocalPublicManRole,chk
chkLongTermInvestment_,chk
chkLongTermSaving,chk
chkLoyalAccount,chk
chkLoyalty,chk
chkMagneticSubstrateType,chk
chkMahala,chk
chkMakeRegularDepositsInThePolicy,chk
chkMaleOther,chk
chkManagementFeesFromCurrentDeposit,chk
chkManagementFeesFromTheCumulativeSavings,chk
chkManagementFeesPermanent,chk
chkManagingAnAccountInTheHandsOfParent,chk
chkManagingCompanyName,chk
chkMarriage,chk
chkMasluBituah_1,chk
chkMaslulHafkda,chk
chkMaslulMichtaber,chk
chkMaslulPizuimCaspiPeriod12,chk
chkMaslulPizuimCaspiPeriod24,chk
chkMaslulPizuimCaspiPeriod6,chk
chkMaslulPizuim_,chk
chkMaslulTagmulimCaspiPeriod12,chk
chkMaslulTagmulimCaspiPeriod24,chk
chkMaslulTagmulimCaspiPeriod6,chk
chkMaslulTagmulim_,chk
chkMaslul_,chk
chkMediumTermSaving,chk
chkMevakeshAmit,chk
chkMevakeshApott,chk
chkMevakeshGivesGift,chk
chkMevakeshIzavon,chk
chkMevakeshMeyupeKoah,chk
chkMevakeshMotav,chk
chkMevakeshParent,chk
chkMevakeshShiput,chk
chkMevakeshSuccessor,chk
chkMevazeaAmit,chk
chkMevazeaApott,chk
chkMevazeaIzavon,chk
chkMevazeaKatin,chk
chkMevazeaMKoah,chk
chkMevazeaMevakesh,chk
chkMevazeaParent,chk
chkMevazeaShiput,chk
chkMeyupeKoahLicenseHolder,chk
chkMhKupa,chk
chkModelChile_No,chk
chkModelChile_Yes,chk
chkMoneyFromIsrael,chk
chkMoneyHishtalmut,chk
chkMoneyNotFromIsrael,chk
chkMonthWithdrawal,chk
chkMonthlyDeposit,chk
chkMonthlyPayment,chk
chkMonthlyPaymentPeriod,chk
chkMonthlyRoute,chk
chkMonthlyWithdrawal,chk
chkMotav,chk
chkMovingDeciaration,chk
chkMovingMaslul,chk
chkMutavim,chk
chkNameMaslul,chk
chkNameOfPolicy_,chk
chkNameOfTransferRoute,chk
chkNargila,chk
chkNewDirectDebit,chk
chkNewHoraa,chk
chkNewLoan,chk
chkNewRouteName,chk
chkNis,chk
chkNoActivityAbroad,chk
chkNoAmericanCorporation,chk
chkNoBusinessOwner,chk
chkNoChangeDeposits,chk
chkNoChangeInLifeInsurancePolicy,chk
chkNoControllingShareholdersExist,chk
chkNoDefaultMutavim,chk
chkNoDisabilityWAsEstablished,chk
chkNoExpectedDeposits,chk
chkNoExpectedDepositsFromAForeignCountry,chk
chkNoGrace,chk
chkNoLinkage,chk
chkNoMishkun,chk
chkNoRefusalToOpen,chk
chkNoServiceRecipientsExist,chk
chkNoTaxPayerAsAStateOfResidence,chk
chkNoUSResident,chk
chkNoUSResidentForTaxPurposes,chk
chkNoZamudMadad,chk
chkNoddedExpatriate,chk
chkNoddedNotExpatriate,chk
chkNoddedNotPublicFigure,chk
chkNonExistentBeneficiariesInAccount,chk
chkNotAnotherPersonDirectsTheActivityInAccount,chk
chkNotChangePolisa,chk
chkNotConfirmingInformation,chk
chkNotConfirmingMessages,chk
chkNotConnectToFileManagment,chk
chkNotDepositsPlannedByAnotherPartyInAccount,chk
chkNotExistingEnjoysItsDetailsYetUnknown,chk
chkNotForeignPublicMan,chk
chkNotForeignResidentForTheLast5Years,chk
chkNotFundsInAccountHeldForAnotherPerson,chk
chkNotInOneOfTheseCountries,chk
chkNotInsuredPerformsTheActivityForAnotherPerson,chk
chkNotLegalwithdrawalOfFunds,chk
chkNotLocalPublicMan,chk
chkNotMeyupeKoahLicenseHolder,chk
chkNotOwnerExpatriate,chk
chkNotOwnerPubliclyHeld,chk
chkNotOwnerStatus_e,chk
chkNotOwnerStatus_i,chk
chkNotOwnerStatus_k,chk
chkNotOwnerStatus_ki,chk
chkNotOwnerStatus_p,chk
chkNotOwnerStatus_st,chk
chkNotOwnerStatus_u,chk
chkNotOwnerStatus_y,chk
chkNotPartnerPublicFigure,chk
chkNotPersonBusinessPartnerPublicFigure,chk
chkNotPromisedToannuity,chk
chkNotProxy,chk
chkNotSeniorPositionPast5Years,chk
chkNotSign,chk
chkNotWorksOnBehalfTaagid,chk
chkNumberOfChildren,chk
chkNumberOfCreditCards,chk
chkOneTimeDeposit,chk
chkOneTimeDeposits_,chk
chkOneTimeDeposits_Abroad,chk
chkOneTimeDeposits_Casual,chk
chkOneTimeDeposits_Nerver,chk
chkOneTimeDeposits_Seldom,chk
chkOneTimePayment,chk
chkOneTimeRoute,chk
chkOneTimeWithdrawal,chk
chkOnlyAccount,chk
chkOptionalApotFemale,chk
chkOptionalApotMale,chk
chkOther,chk
chkOtherExpatriate,chk
chkOtherIncome,chk
chkOtherMaritalStatus_d,chk
chkOtherMaritalStatus_m,chk
chkOtherMaritalStatus_s,chk
chkOtherMaritalStatus_w,chk
chkOtherNotExpatriate,chk
chkOtherTaagid,chk
chkOtherTaagidEnglish,chk
chkParentFullName,chk
chkPartOfAccount,chk
chkPartOfEmployers,chk
chkPartOfEmployersFullAttraction,chk
chkPartOfEmployersMaxTax,chk
chkPartOfEmployersPartialAttraction,chk
chkPartOfEmployersPtorAttractionPizuim,chk
chkPartOfEmployersPtorAttractionTagmulim,chk
chkPartOfPyraon,chk
chkPartOfTheAmount,chk
chkPartOfTheAmountKolelHafkadot,chk
chkPartOfTheAmountNoHafkadot,chk
chkPartialAttraction,chk
chkPartialBalance_,chk
chkPartialRevenue,chk
chkPartialRevenue_1,chk
chkPartnerPublicFigure,chk
chkPaymentMishpatit,chk
chkPaymentTaxYear_No,chk
chkPaymentTaxYear_Yes,chk
chkPensionCounselor,chk
chkPensionFundCode,chk
chkPensionInsuranceAgent,chk
chkPensionReseller,chk
chkPercentageRate,chk
chkPerformsDetectionAdvokate,chk
chkPerformsDetectionAgent,chk
chkPerformsDetectionReception,chk
chkPermanentAttraction,chk
chkPermissionFor10YearsOrLess,chk
chkPermissionForShortPeriod,chk
chkPersonActive,chk
chkPersonAgreeSendReportInMail,chk
chkPersonAllTheInvestmentTracks,chk
chkPersonAnnualIncome,chk
chkPersonAssetsUp5AndAnnualIncome,chk
chkPersonAssetsUp8,chk
chkPersonBusinessPartnerPublicFigure,chk
chkPersonComponentFull,chk
chkPersonComponentPizuim,chk
chkPersonComponentTagmul,chk
chkPersonCountry,chk
chkPersonDisclaimerTax,chk
chkPersonExpatriate,chk
chkPersonFamilyInIsrael,chk
chkPersonFemale,chk
chkPersonFemale_1,chk
chkPersonLivesInIsrael,chk
chkPersonMale,chk
chkPersonMale_1,chk
chkPersonMaritalStatus_d,chk
chkPersonMaritalStatus_m,chk
chkPersonMaritalStatus_n,chk
chkPersonMaritalStatus_s,chk
chkPersonMaritalStatus_w,chk
chkPersonMaslul,chk
chkPersonMaslulBituahBenMugbalut,chk
chkPersonMaslulBituahBenMugbalut_RetireAge60,chk
chkPersonMaslulBituahBenMugbalut_RetireAge62,chk
chkPersonMaslulBituahBenMugbalut_RetireAge64,chk
chkPersonMaslulBituahBenMugbalut_RetireAge67,chk
chkPersonMaslulBituahCustom_,chk
chkPersonMaslulBituahExtra_,chk
chkPersonMaslulBituah_,chk
chkPersonMaslulBituah_100Shairim,chk
chkPersonMaslulBituah_100Shairim_,chk
chkPersonMaslulBituah_100Shairim_RetireAge60,chk
chkPersonMaslulBituah_100Shairim_RetireAge62,chk
chkPersonMaslulBituah_100Shairim_RetireAge64,chk
chkPersonMaslulBituah_100Shairim_RetireAge67,chk
chkPersonMaslulBituah_375NecutAnd100Shairim45,chk
chkPersonMaslulBituah_375NecutAnd100Shairim45_,chk
chkPersonMaslulBituah_375NecutAnd100Shairim45_RetireAge60,chk
chkPersonMaslulBituah_375NecutAnd100Shairim45_RetireAge62,chk
chkPersonMaslulBituah_375NecutAnd100Shairim45_RetireAge64,chk
chkPersonMaslulBituah_375NecutAnd100Shairim45_RetireAge67,chk
chkPersonMaslulBituah_375NecutAnd40Shairim,chk
chkPersonMaslulBituah_375NecutAnd40Shairim_,chk
chkPersonMaslulBituah_375NecutAnd40Shairim_RetireAge60,chk
chkPersonMaslulBituah_375NecutAnd40Shairim_RetireAge62,chk
chkPersonMaslulBituah_375NecutAnd40Shairim_RetireAge64,chk
chkPersonMaslulBituah_375NecutAnd40Shairim_RetireAge67,chk
chkPersonMaslulBituah_375NecutAnd60Shairim,chk
chkPersonMaslulBituah_375NecutAnd60Shairim_,chk
chkPersonMaslulBituah_75Necut41And100Shairim41,chk
chkPersonMaslulBituah_75Necut41And100Shairim41_,chk
chkPersonMaslulBituah_75Necut41And100Shairim41_RetireAge60,chk
chkPersonMaslulBituah_75Necut41And100Shairim41_RetireAge62,chk
chkPersonMaslulBituah_75Necut41And100Shairim41_RetireAge64,chk
chkPersonMaslulBituah_75Necut41And100Shairim41_RetireAge67,chk
chkPersonMaslulBituah_75Necut41And100Shairim47,chk
chkPersonMaslulBituah_75Necut41And100Shairim47_,chk
chkPersonMaslulBituah_75Necut41And100Shairim47_RetireAge60,chk
chkPersonMaslulBituah_75Necut41And100Shairim47_RetireAge62,chk
chkPersonMaslulBituah_75Necut41And100Shairim47_RetireAge64,chk
chkPersonMaslulBituah_75Necut41And100Shairim47_RetireAge67,chk
chkPersonMaslulBituah_75NecutAnd100Shairim41,chk
chkPersonMaslulBituah_75NecutAnd100Shairim41_,chk
chkPersonMaslulBituah_75NecutAnd100Shairim41_RetireAge60,chk
chkPersonMaslulBituah_75NecutAnd100Shairim41_RetireAge62,chk
chkPersonMaslulBituah_75NecutAnd100Shairim41_RetireAge64,chk
chkPersonMaslulBituah_75NecutAnd100Shairim41_RetireAge67,chk
chkPersonMaslulBituah_75NecutAnd40Shairim,chk
chkPersonMaslulBituah_75NecutAnd40Shairim_,chk
chkPersonMaslulBituah_75NecutAnd40Shairim_RetireAge60,chk
chkPersonMaslulBituah_75NecutAnd40Shairim_RetireAge62,chk
chkPersonMaslulBituah_75NecutAnd40Shairim_RetireAge64,chk
chkPersonMaslulBituah_75NecutAnd40Shairim_RetireAge67,chk
chkPersonMaslulBituah_RetireAge60,chk
chkPersonMaslulBituah_RetireAge62,chk
chkPersonMaslulBituah_RetireAge64,chk
chkPersonMaslulBituah_RetireAge67,chk
chkPersonMaslulBituah_Until6075Necut41And100Shairim49,chk
chkPersonMaslulBituah_Until6075Necut41And100Shairim49_,chk
chkPersonMaslulBituah_Until6075Necut41And100Shairim49_RetireAge60,chk
chkPersonMaslulCaspiChangeMaslul_,chk
chkPersonMaslulCaspiPeriod12,chk
chkPersonMaslulCaspiPeriod24,chk
chkPersonMaslulCaspiPeriod6,chk
chkPersonMaslulGemelHafkada_,chk
chkPersonMaslulGemel_,chk
chkPersonMaslulHishtalmot_,chk
chkPersonMaslulIndependentPolicy,chk
chkPersonMaslulIndependentPolicy_,chk
chkPersonMaslulPizuimDefult,chk
chkPersonMaslulPizuim_,chk
chkPersonMaslulSpecificAfterBhira,chk
chkPersonMaslulTagmulDefult,chk
chkPersonMaslulTagmulMehdal_0,chk
chkPersonMaslulTagmulTluiGil,chk
chkPersonMaslulTagmul_,chk
chkPersonMaslulTluiGilAfterBhira,chk
chkPersonMaslul_,chk
chkPersonMismah,chk
chkPersonNationalID,chk
chkPersonNeverSmoke,chk
chkPersonNotExpatriate,chk
chkPersonNotOwnerFemale,chk
chkPersonNotOwnerMale,chk
chkPersonNotOwner_d,chk
chkPersonNotOwner_m,chk
chkPersonNotOwner_s,chk
chkPersonNotOwner_w,chk
chkPersonOff,chk
chkPersonOther,chk
chkPersonPassportID,chk
chkPersonRemoveShivuk,chk
chkPersonRequest,chk
chkPersonResidentForTaxPurposes_no,chk
chkPersonResidentForTaxPurposes_yes,chk
chkPersonRole,chk
chkPersonShivuk,chk
chkPersonSmoke,chk
chkPersonSmokePast,chk
chkPersonStatement,chk
chkPersonStatus_c,chk
chkPersonStatus_ci,chk
chkPersonStatus_cwd,chk
chkPersonStatus_e,chk
chkPersonStatus_ho,chk
chkPersonStatus_i,chk
chkPersonStatus_k,chk
chkPersonStatus_ki,chk
chkPersonStatus_other,chk
chkPersonStatus_p,chk
chkPersonStatus_so,chk
chkPersonStatus_st,chk
chkPersonStatus_u,chk
chkPersonStatus_y,chk
chkPersonTerminationOfDeposits,chk
chkPersonThereIsNoConnectionToIsrael,chk
chkPersonTypeNationalID,chk
chkPersonTypeOther,chk
chkPersonTypePassport,chk
chkPersonVisitingIsrael,chk
chkPersonWithoutFamily,chk
chkPhoenixInsurenceCompany,chk
chkPhoenixPensionAndProvident,chk
chkPhoenixPensionFundsBalancedAndOld,chk
chkPidyonAllAmount,chk
chkPidyonMaslul,chk
chkPipe,chk
chkPlusNominalInterest,chk
chkPluslinkedInterest,chk
chkPolicyBeneficiaries,chk
chkPolicyWaiver,chk
chkPolisotNosafot_No,chk
chkPolisotNosafot_Yes,chk
chkPoliticalactivist_No,chk
chkPoliticalactivist_Yes,chk
chkPreviousPersonMaslulByIndex_,chk
chkPreviousPersonMaslul_,chk
chkPrime,chk
chkPrisaLoan,chk
chkPromisedToannuity,chk
chkProperty,chk
chkProximityToTheInsured,chk
chkProxy,chk
chkPsagotHever,chk
chkPtorFiredFromWork,chk
chkPtorLowIncome,chk
chkPtorUnpaidVacation,chk
chkPubliclyHeld,chk
chkPullInincrements,chk
chkPurchaseInsuranceCoverage,chk
chkPurchaseOfvehicles,chk
chkPurposeOfEngagement_,chk
chkPurposeOfSavings,chk
chkPurposeOfopeningAnAccount,chk
chkPydionDateWithoutCapitalGains,chk
chkPydionDateWithoutCapitalGainsEsder,chk
chkPydionKafuf,chk
chkPyraon,chk
chkReachingAge,chk
chkReasonForAttraction,chk
chkReasonForAttraction_Age18,chk
chkReasonForAttraction_Age21,chk
chkReasonForAttraction_Death,chk
chkReasonForAttraction_MedicalCare,chk
chkRedemptionOfRewards,chk
chkRefusalToOpen_,chk
chkRefusalToTransferData,chk
chkRequestClassificationPayments,chk
chkRequestForIssuanceChekMatah,chk
chkRequestForRemovalOfInformation,chk
chkRequestForTransferMatah,chk
chkRequestForTransferShekel,chk
chkResidentTax_No,chk
chkResidentTax_no,chk
chkResidentTax_yes,chk
chkRetirementAgeMaslul,chk
chkRetirementCompensation,chk
chkRetirementConsultation,chk
chkRetirementSavings_,chk
chkRevenueForLessons,chk
chkRevokeAuthorization,chk
chkRewardsAndCompensation,chk
chkRewardsForTheSelfEmployed,chk
chkRoleOfLocalPublicFigure,chk
chkRuler,chk
chkRunningForAnother,chk
chkRunningForMyself,chk
chkRunningForOther,chk
chkSalary,chk
chkSalaryType,chk
chkSalaryUpdate,chk
chkSaleOfRealestate,chk
chkSaveWithoutChangeInsurance,chk
chkSavingDeviceWithTaxBenefits,chk
chkSavingForAchild,chk
chkSavings,chk
chkSavingsFotTheApartment_,chk
chkScopeOfDeposit_,chk
chkSecondPersonFemale,chk
chkSecondPersonMale,chk
chkSendAnEmailTo,chk
chkSeniorPositionPast5Years,chk
chkSeniorityDependentModel,chk
chkSeparately,chk
chkServiceRecipientsExist,chk
chkShairimPercentageRate,chk
chkShareholder,chk
chkShihrur,chk
chkShortTermInvestment_,chk
chkShortTermSaving,chk
chkShorteningInsurance,chk
chkShorteningInsurancePeriod,chk
chkShpizer,chk
chkShpizerAndGrace,chk
chkSignificantProportionOfCustomersFromAbroad,chk
chkSmallProportionOfCustomersFromAbroad,chk
chkSms,chk
chkSochenAmlaType_FromInstitues,chk
chkSochenAmlaType_FromMyInstitue,chk
chkSochenAmlaType_SochenSachirInAgency,chk
chkSocialConnections,chk
chkSocialSecurity,chk
chkSodiyut,chk
chkSoldierRetired,chk
chkSpecialConnection,chk
chkSpouseApprovalForUnderwriting,chk
chkStateIssuingPassport,chk
chkStateNotDemandIssueTIN,chk
chkStateNotIssueTIN,chk
chkStatus_,chk
chkStudies,chk
chkSwift,chk
chkTaagidType,chk
chkTaagid_no,chk
chkTaagid_yes,chk
chkTashlumChek,chk
chkTashlumDirectDebit,chk
chkTaxBenefits,chk
chkTaxDeduction,chk
chkTaxDeductionAuthorization,chk
chkTaxDeductionPizuim,chk
chkTaxDeductionPrecentage,chk
chkTaxDeductionPtor,chk
chkTaxDeductionTagmul,chk
chkTaxPayerAsAStateOfResidence,chk
chkTelemitng_No,chk
chkTelemitng_Yes,chk
chkTemp1,chk
chkTemp11,chk
chkTemp133,chk
chkTemp2,chk
chkTemp6,chk
chkTemp8,chk
chkTemp9,chk
chkTerminationOfpayments,chk
chkThanReceivingMessages,chk
chkTheFullAmount,chk
chkTheFullAmountNoHafkadot,chk
chkTheHeirsOfTheLegal,chk
chkThePayingAgent,chk
chkThePetitioner,chk
chkThePolicyHolderIsNoTheInsured,chk
chkThePolicyHolderIsTheInsured,chk
chkTheSavingsPeriod,chk
chkTheSourceOfTheFunds_1,chk
chkTheSourceOfTheFunds_Donation,chk
chkTheSourceOfTheFunds_Gift,chk
chkTheSourceOfTheFunds_Inheritance,chk
chkTheSourceOfTheFunds_Insurance,chk
chkTheSourceOfTheFunds_Nadlan,chk
chkTheSourceOfTheFunds_Other,chk
chkTheSourceOfTheFunds_Salary,chk
chkTheSourceOfTheFunds_Saving,chk
chkThereIsAPowerOfAttorneyInTheAccount,chk
chkThereIsCustomerRelatedPolicy,chk
chkThereIsNoCustomerRelatedPolicy,chk
chkThereIsNoStandingOrder,chk
chkThereIsNotPowerOfAttorneyInTheAccount,chk
chkThereNoExpectedDepositing,chk
chkThereNoExpectedWithdrawals,chk
chkTikun190_,chk
chkTikun190_False,chk
chkTikun190_True,chk
chkToannuity,chk
chkTohnitBituah,chk
chkTopFinance_,chk
chkTopGold_,chk
chkTopKids_,chk
chkTotalDoubleTaxCelling,chk
chkTotalRevenue,chk
chkTotalRevenue_1,chk
chkTotalSingleTaxCelling,chk
chkTransferAndCurrent,chk
chkTransferAndDeposits,chk
chkTransferFromBankAccountAbroad,chk
chkTransferFromEndOfInsurance,chk
chkTransferModel,chk
chkTransferMouneyTarget,chk
chkTransferNotRequiredTax,chk
chkTransferOfFundsOnly,chk
chkTransferOnly,chk
chkTransferRequiredTax,chk
chkTransferTheFundsToTheAccount,chk
chkTransfertheFundsToThebank,chk
chkTypeOfBusinessService,chk
chkTypeOfCommission,chk
chkTypeOfInformation,chk
chkTypeOfLoyalty,chk
chkTypeOfResidence,chk
chkTypeOfSavings,chk
chkTypeOfdrawal,chk
chkTypesOfRefunds,chk
chkTzavaa,chk
chkUSResident,chk
chkUSResidentForTaxPurposes,chk
chkUniquepropertysale,chk
chkUnknownExpectedDepositing,chk
chkUnknownExpectedDepositsFromAForeignCountry,chk
chkUnknownExpectedWithdrawals,chk
chkUnlinkedPayment,chk
chkUpToTheQualifyingTaxCeiling,chk
chkUpdateAll,chk
chkUpdateSpecific,chk
chkUpdateSystem,chk
chkVetek15,chk
chkVetek6Up,chk
chkVetekOther,chk
chkVetekRetiredAge,chk
chkW8,chk
chkW9,chk
chkWaiverCoverToSecondPersonAndKidAbove60,chk
chkWaiverDeathCoverToSecondPersonAndKidUder60,chk
chkWaiverDeathCoverToSecondPersonUder60,chk
chkWaiverDisabilityRiskCoverAbove60,chk
chkWaiverInsuranceCoverage,chk
chkWaiverInsuranceCoverageAcshara,chk
chkWaiverPizuimMoney,chk
chkWithShivukPension,chk
chkWithdrawalAsLoanOffset,chk
chkWithdrawalAzmaiAndSachir,chk
chkWithdrawalRetirementAge,chk
chkWithdrawalToannuity,chk
chkWithoutHafkadaShotef,chk
chkWithoutShivukPension,chk
chkWorkNoTagmulim,chk
chkWorksOnBehalfTaagid,chk
chkYearPizuim_,chk
chkYearTagmulim_,chk
chkYesChangeDeposits,chk
chkYesMishkun,chk
chkYozerHahoze,chk
chkZacaut75Necut,chk
chkZamudMadad,chk
chkZamudYokerNoTikra,chk
chkZamudYokerTikra,chk
chkinheritance,chk
chkpersonfilltext,chk
chkplannerfilltext,chk
chkroleOfForeignPublicFigure,chk
chksecondpersonfilltext,chk
chkshair,chk
chktxtFollowingPolicies,chk
chkyearlyDeposit,chk
imgAgencyStamp,img
imgAgentSignature,img
imgAgentSignatureAndStamp,img
imgAnotherStamp,img
imgApotFatherSignature,img
imgApotMotherSignature,img
imgApotSignature,img
imgAuthorizedSignatureSignatureAndSeal,img
imgBankSignature,img
imgBankSignatureAndStamp,img
imgBarCode,img
imgDateOfReceipOfApplication,img
imgEmployerSignature,img
imgEmployerStamp,img
imgHeshbonBank,img
imgHotemSignature,img
imgIdentifySignature,img
imgIdentifyingOperationSignature,img
imgInsureSignature,img
imgLawyerSignature,img
imgLockImage,img
imgMarketerFactorSignature,img
imgMeyupeKoahsignuture,img
imgMeyupeKoahsignutureDate,img
imgMusmahSignature,img
imgNameAndSignatureAuthorizedSignature,img
imgOfficeLogo,img
imgOptionalApotNameAndSignatureColleage,img
imgOptionalApotSignature,img
imgOptionalApotSignatureAndName,img
imgOptionalPersonSignature,img
imgOptionalPlannerSignature,img
imgOptionalSecondPersonSignature,img
imgOtherSignature,img
imgOtherSignatureEnglish,img
imgPersonNotOwnerSignature,img
imgPersonPartnerSignature,img
imgPersonSignature,img
imgPersonSignatureAndStamp,img
imgPlannerSignature,img
imgPolicyOwnerSignature,img
imgRepresentativeKibbutzNameAndSignature,img
imgRiskLevelRange_,img
imgSecondPersonSignature,img
imgSignAndstampOfemployerSignature,img
imgSignatureExample,img
imgSignatureMakne,img
imgSignatureOfClerk,img
imgSignatureOfMevakesh,img
imgSignatureOfParent,img
imgSignedAuthorizedSignature,img
imgSigntureOfAccountOwner,img
imgStampDate,img
imgTaagidCorporateSignature,img
imgVerifiesSignature,img
imgsignatureOfthePayer,img
txtAcceptCompany,txt
txtAcceptCompany_DUPLICATED_1,txt
txtAcceptMaslul,txt
txtAcceptMaslulMh,txt
txtAcceptMaslulNameAndNumberSummary,txt
txtAcceptMaslulNameSummary,txt
txtAcceptMaslulNumberSummary,txt
txtAcceptMaslul_DUPLICATED_1,txt
txtAcceptMaslul_DUPLICATED_2,txt
txtAcceptMaslul_DUPLICATED_3,txt
txtAcceptMaslul_DUPLICATED_4,txt
txtAcceptMaslul_DUPLICATED_5,txt
txtAcceptMaslul_DUPLICATED_6,txt
txtAcceptMaslul_DUPLICATED_7,txt
txtAcceptMaslul_DUPLICATED_8,txt
txtAccompaniedDocuments,txt
txtAccountGroup,txt
txtAccountName,txt
txtAccountNumber,txt
txtAccountOwnerApartmentPostalCode,txt
txtAccountOwnerHouseNumber,txt
txtAccountPrefix,txt
txtAccountSignatureDate,txt
txtAccountYear,txt
txtAccrualPercentage,txt
txtAccumulatedSavings_,txt
txtAction,txt
txtAddressAndPostal,txt
txtAddressOfTheCorporation,txt
txtAddressOther,txt
txtAffinityForTheGiftGiver,txt
txtAffinityToColleague,txt
txtAffinityToCorporation,txt
txtAffinityToIsrael,txt
txtAgencyApartmentPostalCode,txt
txtAgencyCity,txt
txtAgencyFullAddress,txt
txtAgencyHouseNumber,txt
txtAgencyMail,txt
txtAgencyName,txt
txtAgencyNumber,txt
txtAgencyPhone,txt
txtAgencyStreet,txt
txtAgencyStreetAndHouseNumber,txt
txtAgencyStreetAndHouseNumberAndCity,txt
txtAgencyStreetAndHouseNumber_2,txt
txtAgencyStreetandcity,txt
txtAgent,txt
txtAgentAddress,txt
txtAgentContactDetails,txt
txtAgentFax,txt
txtAgentFirstName,txt
txtAgentID,txt
txtAgentLastName,txt
txtAgentMail,txt
txtAgentMobile,txt
txtAgentName,txt
txtAgentNameAndNumber,txt
txtAgentName_DUPLICATED_1,txt
txtAgentNumber,txt
txtAgentNumberInAgency,txt
txtAgentPhone,txt
txtAgentSignatureAndStampDate,txt
txtAgentSignatureDate,txt
txtAgentType,txt
txtAllAmountTransfer,txt
txtAllPercentTransfer,txt
txtAllPoliciesOfTheInsured,txt
txtAllTheBalance,txt
txtAmlaType_EqualAmlaPercentsDeposits,txt
txtAmlaType_EqualAmlaPercentsZvira,txt
txtAmount,txt
txtAmountForSingleCharge,txt
txtAmountIvunPercent,txt
txtAmountLoan,txt
txtAmountOfBonds_,txt
txtAmountOfCigarettes,txt
txtAmountOfShares_,txt
txtAmountOfTheInvestment,txt
txtAmountToWithdraw,txt
txtAmountTransfer,txt
txtAmountWordsLoan,txt
txtAnInsuranceAgentWillReceivInformation,txt
txtAnnualBusinessCycle_,txt
txtAnnualExpenditure,txt
txtAnnualInterestRate,txt
txtAnnualPayment,txt
txtAnnualRevenue,txt
txtAnotherAddress_,txt
txtAnotherContactFullAddress,txt
txtAnotherContactFullName,txt
txtAnotherContactMail,txt
txtAnotherContactPhoneMobile,txt
txtAnotherDateOfBirth_,txt
txtAnotherFullName_,txt
txtAnotherID_,txt
txtApartmentNumberOther,txt
txtApartmentNumberOtherEnglish,txt
txtApartmentPoBoxOther,txt
txtApartmentPoBoxOtherEnglish,txt
txtApartmentPostalCodeOther,txt
txtApoFullApot,txt
txtApoMazavMishpahti,txt
txtApotApartmentNumber,txt
txtApotApartmentPoBox,txt
txtApotApartmentPostalCode,txt
txtApotCity,txt
txtApotEntranceToBuilding,txt
txtApotFatherBirthDate,txt
txtApotFatherFullName,txt
txtApotFatherFullNameAndID,txt
txtApotFatherID,txt
txtApotFullAddress,txt
txtApotGender,txt
txtApotHouseNumber,txt
txtApotMail,txt
txtApotMobile,txt
txtApotMotherBirthDate,txt
txtApotMotherFullName,txt
txtApotMotherFullNameAndID,txt
txtApotMotherID,txt
txtApotPhone,txt
txtApotSignatureDate,txt
txtApotStreet,txt
txtAppendicesDetails,txt
txtApproverName,txt
txtArevFullAddress,txt
txtArevFullName,txt
txtArevNationalID,txt
txtAsmahta,txt
txtAsmahtaMutav,txt
txtAuthorizedSignatory,txt
txtAuthorizedSignatoryId,txt
txtAuthorizedSignatoryRole,txt
txtAzmaeiDepositAmount,txt
txtAzmaeiTadirotTashlum,txt
txtAzmaeitfirstDateToTashlum,txt
txtBalanceAmount,txt
txtBalanceMislaka,txt
txtBankAddress,txt
txtBankApartmentPoBox,txt
txtBankCity,txt
txtBankHouseNumber,txt
txtBankNameAndBranch,txt
txtBankPostalCode,txt
txtBankSignatureDate,txt
txtBankStreet,txt
txtBarCode,txt
txtBasedInformation,txt
txtBePaidAsFollows,txt
txtBetterCity,txt
txtBetterDateOfBirth_,txt
txtBetterFirstName,txt
txtBetterFirstName_,txt
txtBetterFullAddress,txt
txtBetterFullName,txt
txtBetterFullName_,txt
txtBetterGender_,txt
txtBetterHouseNumber,txt
txtBetterID_,txt
txtBetterLastName,txt
txtBetterLastName_,txt
txtBetterPhone,txt
txtBetterPostalCode,txt
txtBetterStreet,txt
txtBetterStreetandcity_,txt
txtBilingDate,txt
txtBilingDate_1,txt
txtBilingDate_2,txt
txtBillingAmountCeiling,txt
txtBillingAmountCeilingAndDate,txt
txtBirthDateEnglish,txt
txtBranchAndAccountNumber,txt
txtBranchKupatHolim,txt
txtBusinessAddress,txt
txtBusinessManager,txt
txtBusinessManagerNam,txt
txtBusinessManagerNumber,txt
txtBusinessName,txt
txtBusinessSector,txt
txtCancelInsuranceDate,txt
txtCaseNumber,txt
txtCashTransfer,txt
txtChairmanOrAssociate,txt
txtChangingBankDetails,txt
txtChangingInvestementpath,txt
txtChekAmount,txt
txtChekNumber,txt
txtCityBornEnglish,txt
txtCityOfBirth,txt
txtCityOther,txt
txtCityOtherEnglish,txt
txtClerkRole,txt
txtCodeMasluTagmulim,txt
txtCodeMasluTagmulim_,txt
txtCodeMaslulPizuim_,txt
txtCodeMaslul_,txt
txtCodeSwift,txt
txtCollectionRate,txt
txtCollectiveNumber,txt
txtCommitentType,txt
txtCompanyAddress,txt
txtCompanyName,txt
txtCompanyWebsiteURL,txt
txtConfirmationNumber,txt
txtControllingShareholdersAddress_,txt
txtControllingShareholdersDateOfBirth_,txt
txtControllingShareholdersFullName_,txt
txtControllingShareholdersFullName_1,txt
txtControllingShareholdersFullName_2,txt
txtControllingShareholdersID_,txt
txtControllingShareholdersID_1,txt
txtControllingShareholdersID_2,txt
txtCorporateAddress,txt
txtCountries,txt
txtCountryName,txt
txtCountryOfBirth,txt
txtCountryOfIncorporation,txt
txtCpaMobile,txt
txtCpaName,txt
txtCpaPhone,txt
txtCreditCardName,txt
txtCreditCardNumber,txt
txtCreditCardValidity,txt
txtCurrencyCode,txt
txtCurrencyName,txt
txtCurrencySymbol,txt
txtCurrencyTransaction,txt
txtCurrentDeposits,txt
txtCustomerAccountNumberpension,txt
txtCustomerAccountNumberpension_1,txt
txtCustomerAddress,txt
txtCustomerName,txt
txtCustomerNationalID,txt
txtCustomerNumber,txt
txtCustomerRequest,txt
txtCustomersName,txt
txtData,txt
txtDate,txt
txtDate2,txt
txtDate3,txt
txtDate4,txt
txtDateLaunched,txt
txtDateOfEmployerApproval,txt
txtDateOfIncorporation,txt
txtDateOfReceiptOfApplication,txt
txtDateOfSignaturOfClerk,txt
txtDateOfSigningAuthorizedAuthorization,txt
txtDateOfsignatureOfthePayer,txt
txtDateReceived,txt
txtDeducatedTax,txt
txtDepositAmount,txt
txtDepositPercent,txt
txtDescriptionOfTheTransaction,txt
txtDeterminingRateOfRewards,txt
txtDigitalSignText,txt
txtDirectorName_,txt
txtDistrict,txt
txtDmynihulYears,txt
txtDoctorName,txt
txtDoneBy,txt
txtDueForbilling_1,txt
txtDueForbilling_10,txt
txtDueForbilling_15,txt
txtDueForbilling_5,txt
txtDueForbilling_D,txt
txtDueForbilling_M,txt
txtDueForbilling_Y,txt
txtDueForbillingonetime_1,txt
txtDueForbillingonetime_10,txt
txtDueForbillingonetime_15,txt
txtDueForbillingonetime_5,txt
txtEmployeeDeposit,txt
txtEmployeeTagmulim,txt
txtEmployerAmount,txt
txtEmployerDeposit,txt
txtEmployerID,txt
txtEmployerPayment,txt
txtEmployerSignatureDate,txt
txtEmployerTagmulim,txt
txtExecutionDate,txt
txtExpectedamount,txt
txtExpenditureFrequency,txt
txtExpiryDate,txt
txtExtensionNumber,txt
txtExtraNotes,txt
txtFamilyMember,txt
txtFamilyMemberAddress_,txt
txtFamilyMemberDateOfBirth_,txt
txtFamilyMemberFirstName,txt
txtFamilyMemberFirstName_,txt
txtFamilyMemberKinship_,txt
txtFamilyMemberLastName,txt
txtFamilyMemberLastName_,txt
txtFamilyMemberNationalID_,txt
txtFamilyMemberPercentageShare_,txt
txtFellowNumber,txt
txtFinanceInstitue,txt
txtFirstBillingDate,txt
txtFirstNameEnglish,txt
txtFirstNameHotem,txt
txtFirstNameMakne,txt
txtFirstNameMeyupeKoah,txt
txtFirstNameOfAccountOwner,txt
txtFirstNameOfPayer,txt
txtFirstNameOfTheControllingShareholder,txt
txtFirstNameOther,txt
txtFirstNameOtherEnglish,txt
txtFirstNamePerson,txt
txtFirstNamePersonPartner,txt
txtFocusOrNameOfRepresentative,txt
txtFollowingPolicies,txt
txtForeignCurrency,txt
txtFullAddress,txt
txtFullAdressMutav,txt
txtFullAdressPersonPartner,txt
txtFullAndressMevakesh,txt
txtFullNameAuthorizedSignature,txt
txtFullNameHotmim,txt
txtFullNameInsure,txt
txtFullNameMevakesh,txt
txtFullNameMeyupeKoah,txt
txtFullNameMutav,txt
txtFullNameOfGivingAGift,txt
txtFullNameOther,txt
txtFullNameOtherEnglish,txt
txtFullNamePerson,txt
txtFullNamePersonAndId,txt
txtFullNamePersonEnglish,txt
txtFullNamePersonPartner,txt
txtFullNamePerson_1,txt
txtFullNamePerson_2,txt
txtFullnameHotem,txt
txtGenderOther,txt
txtGenderOtherEnglish,txt
txtHafkadaDate,txt
txtHafkadaHadPeami,txt
txtHafkadaHadPeamiWhenExistAlsoShotef,txt
txtHafkadaHadPeamiWithoutShotef,txt
txtHafkadaHadPeami_1,txt
txtHafkadaHadPeami_2,txt
txtHafkadaMonth,txt
txtHafkadaShotef,txt
txtHafkadaShotefWhenExistAlsoHadPeami,txt
txtHafkadaShotefWithoutHadPeami,txt
txtHafkadaShotef_1,txt
txtHafkadaShotef_2,txt
txtHafkdaOther,txt
txtHanmakaWorkForFinanceInstitute,txt
txtHeight,txt
txtHobby,txt
txtHotemBday,txt
txtHotemID,txt
txtHouseNumberEnglish,txt
txtHouseNumberOther,txt
txtHouseNumberOtherEnglish,txt
txtIDMakne,txt
txtITINSecondPerson,txt
txtITIN_1,txt
txtIdMevakesh,txt
txtIdOfAccountOwner,txt
txtIdPersonPartner,txt
txtIdentifyName,txt
txtIdentifyingOperation,txt
txtIdentifyingOperationSignatureDate,txt
txtImmigrationDate,txt
txtInProportionToRateOfAccrual,txt
txtIncomeLevel,txt
txtInstitueApartmentPostalCode,txt
txtInstitueCity,txt
txtInstitueFullAddress,txt
txtInstitueHouseNumber,txt
txtInstitueMail,txt
txtInstitueName,txt
txtInstitueNumber,txt
txtInstituePhone,txt
txtInstitueStreet,txt
txtInstitueStreetAndHouseNumber,txt
txtInstitueStreetAndHouseNumberAndCity,txt
txtInstitueStreetAndHouseNumber_2,txt
txtInstitueStreetandcity,txt
txtInstitutionCode,txt
txtInstitutionName,txt
txtInsuranceAgency,txt
txtInsuranceAgentMobile,txt
txtInsuranceAgentName,txt
txtInsuranceAgentNamePhone,txt
txtInsurancePeriod,txt
txtInsurancePlanName,txt
txtInsurancePolicy,txt
txtInsurancePolicyNumber,txt
txtInsurancePolicyType,txt
txtInsuranceUpToAge,txt
txtInsureApartmentNumber,txt
txtInsureApartmentPostalCode,txt
txtInsureCity,txt
txtInsureDateOfBirth,txt
txtInsureFirstNameCRS,txt
txtInsureHouseNumber,txt
txtInsureLastNameCRS,txt
txtInsureMail,txt
txtInsureSCityCRS,txt
txtInsureSignatureDate,txt
txtInsureStateOfresidency_,txt
txtInsureStreet,txt
txtInsureStreetAndNumberCRS,txt
txtInsureStreetandcity,txt
txtInsureTIN_,txt
txtInsuredFirstName,txt
txtInsuredID,txt
txtInsuredLastName,txt
txtInsuredMobile,txt
txtInsuredPhone,txt
txtInvestmentAmount,txt
txtInvestmentArea,txt
txtInvestmentHouse_,txt
txtIrsApproval,txt
txtIsAnotherIncome,txt
txtJob,txt
txtJoinDatePersonPartner,txt
txtKidDateOfBirth,txt
txtKidFirstName,txt
txtKidGender,txt
txtKidLastName,txt
txtKidLineOfBusiness,txt
txtKidNationalID,txt
txtKupatHolim,txt
txtLastBillingDate,txt
txtLastNameEnglish,txt
txtLastNameHotem,txt
txtLastNameMakne,txt
txtLastNameMeyupeKoah,txt
txtLastNameOfAccountOwner,txt
txtLastNameOfPayer,txt
txtLastNameOfTheControllingShareholder,txt
txtLastNameOther,txt
txtLastNameOtherEnglish,txt
txtLastNamePerson,txt
txtLastNamePersonPartner,txt
txtLawyerLicenceNumber,txt
txtLawyerMobile,txt
txtLawyerName,txt
txtLawyerPhone,txt
txtLawyerSignatureDate,txt
txtLeadingNumber,txt
txtLicenceNumber,txt
txtLicenseNumber,txt
txtLicensedToOperate,txt
txtLicenseesName,txt
txtLoanAgreement,txt
txtLoanNumber,txt
txtLocalCurrency,txt
txtLockText,txt
txtMailOther,txt
txtManagementFeesFromTheCumulativeSavingsPrecent,txt
txtManagementFeesFromTheInsurance,txt
txtManagementFeesPension,txt
txtManagingCompanyName,txt
txtMasahKupa,txt
txtMaslulNumber_,txt
txtMaslulPercentPizuim_,txt
txtMaslulPercentTagmulim_,txt
txtMaslulPizuimCaspiChangeMaslulName,txt
txtMaslulPizuimCaspiChangeMaslulNumber,txt
txtMaslulPizuimCaspiChangeMaslulNumberAndName,txt
txtMaslulTagmulimCaspiChangeMaslulName,txt
txtMaslulTagmulimCaspiChangeMaslulNumber,txt
txtMaslulTagmulimCaspiChangeMaslulNumberAndName,txt
txtMaxAmountToTransfer,txt
txtMeetingDuration,txt
txtMeetingNumber,txt
txtMeetingReason,txt
txtMeetingType,txt
txtMeetingYozem,txt
txtMekabelAccountNumber,txt
txtMekabelAccountNumber_DUPLICATED_1,txt
txtMevakeshAttractMyAccount,txt
txtMevakeshBirthday,txt
txtMevakeshCity,txt
txtMevakeshDateOfBirth,txt
txtMevakeshEmail,txt
txtMevakeshFemale,txt
txtMevakeshHouseNumber,txt
txtMevakeshMale,txt
txtMevakeshMobile,txt
txtMevakeshPhoneNumber,txt
txtMevakeshPostalCode,txt
txtMevakeshStreet,txt
txtMeyupeKoahID,txt
txtMeyupeKoahM,txt
txtMeyupeKoahPhone,txt
txtMeyupeKoahStreetAndHouseNumberAndCity,txt
txtMhKupa,txt
txtMhKupaName,txt
txtMhMovingMaslul,txt
txtMhMovingMaslul_,txt
txtMinimumFee,txt
txtMislakaBank,txt
txtMislakaBranch,txt
txtMislakaNumber,txt
txtMobileOther,txt
txtMoneyTransferAccountNumber,txt
txtMonthlyDeposit,txt
txtMonthlyPayment,txt
txtMonthlyPaymentMeshalem,txt
txtMonthlyPaymentNotMeshalem,txt
txtMonthlyPidyon,txt
txtMonthlyRefund,txt
txtMosadName,txt
txtMotavMobile,txt
txtMovingAccountNumber,txt
txtMovingAccountNumber_DUPLICATED_1,txt
txtMovingCompany,txt
txtMovingCompany_DUPLICATED_1,txt
txtMovingCompany_DUPLICATED_2,txt
txtMovingMaslul,txt
txtMovingMaslulMh,txt
txtMovingMaslulMh_2,txt
txtMovingMaslulNameAndNumberSummary,txt
txtMovingMaslulNameSummary,txt
txtMovingMaslulNumberSummary,txt
txtMovingMaslul_DUPLICATED_1,txt
txtMovingMaslul_DUPLICATED_10,txt
txtMovingMaslul_DUPLICATED_11,txt
txtMovingMaslul_DUPLICATED_12,txt
txtMovingMaslul_DUPLICATED_2,txt
txtMovingMaslul_DUPLICATED_3,txt
txtMovingMaslul_DUPLICATED_4,txt
txtMovingMaslul_DUPLICATED_5,txt
txtMovingMaslul_DUPLICATED_7,txt
txtMovingMaslul_DUPLICATED_8,txt
txtMovingMaslul_DUPLICATED_9,txt
txtMusmahFullName,txt
txtMutavBankAccount,txt
txtMutavBankAdress,txt
txtMutavBankBranch,txt
txtMutavBankBranchNameAndNumber,txt
txtMutavBankName,txt
txtMutavBankNumber,txt
txtName,txt
txtNameAndIDNumber,txt
txtNameHeshbonBank,txt
txtNameInspector,txt
txtNameMakne,txt
txtNameMaslul,txt
txtNameMaslulBituah_1,txt
txtNameMaslulPizuim_,txt
txtNameMaslulTagmulim_,txt
txtNameMaslul_,txt
txtNameMovingMaslul,txt
txtNameMovingMaslul_,txt
txtNameMovingMaslul_1,txt
txtNameMovingMaslul_2,txt
txtNameMovingMaslul_3,txt
txtNameMovingMaslul_4,txt
txtNameOfAccountOwner,txt
txtNameOfClerk,txt
txtNameOfCorporation,txt
txtNameOfInvestmentHouse,txt
txtNameOfPolicy,txt
txtNameOfpayer,txt
txtNamePublicFigure,txt
txtNameReseller,txt
txtNationalID,txt
txtNezilutDate,txt
txtNigudInyanim,txt
txtNimuk_,txt
txtNoddedNotPublicFigure,txt
txtNoddedPublicFigure,txt
txtNotOwnerFamilyMemberKinship,txt
txtNotOwnerStateOfresidency_,txt
txtNowDate,txt
txtNowDate_Day,txt
txtNowDate_Month,txt
txtNowDate_Year,txt
txtNumberAccount,txt
txtNumberKidudpension,txt
txtNumberOfCharges,txt
txtNumberOfChildren,txt
txtNumberOfCorporation,txt
txtNumberOfEmployer,txt
txtNumberOfPassport,txt
txtNumberOfPayments,txt
txtNumberOfReasoning,txt
txtNumberOfTimes,txt
txtNumberOfTransaction,txt
txtNumberTikNicuim,txt
txtNumberTypeArticle1,txt
txtOfferNumber,txt
txtOfficeEMail,txt
txtOfficeHP,txt
txtOfficeName,txt
txtOfficeNumber,txt
txtOfficePhoneNumber,txt
txtOneTimeDeposit,txt
txtOneTimeInvestmentPercentage,txt
txtOptionalAportFullNameAndID,txt
txtOptionalApotBirthDate,txt
txtOptionalApotDateHanpakaID,txt
txtOptionalApotFirstName,txt
txtOptionalApotFullName,txt
txtOptionalApotID,txt
txtOptionalApotLastName,txt
txtOptionalApotSignatureDate,txt
txtOptionalPersonSignatureDate,txt
txtOptionalPlannerSignatureDate,txt
txtOptionalSecondPersonSignatureDate,txt
txtOriginalAmount,txt
txtOther,txt
txtOtherBirthDate,txt
txtOtherBirthDateEnglish,txt
txtOtherCountryStateEnglish,txt
txtOtherFullAddress,txt
txtOtherFullAddressEnglish,txt
txtOtherID,txt
txtOtherIDEnglish,txt
txtOtherOccupation,txt
txtOtherStreetAndHouseNumberEnglish,txt
txtOwnerAccountID,txt
txtOwnerAccountNumber,txt
txtPDFFormID,txt
txtParentID,txt
txtParentName,txt
txtPartialRevenue,txt
txtPartialRevenue_1,txt
txtParticipationPercents,txt
txtParticipationQuantity,txt
txtPassportID,txt
txtPayerID,txt
txtPayingPhone,txt
txtPaymentAmount,txt
txtPaymentAmountGross,txt
txtPaymentDate,txt
txtPaymentReason,txt
txtPaymentTaxYear,txt
txtPensionFundCode,txt
txtPensionFundName,txt
txtPercentTransfer,txt
txtPercentageOfCurrentDeposit,txt
txtPercentageOfCurrentInvestment,txt
txtPercentageOfDeposit,txt
txtPercentageOfDepositOnce,txt
txtPercentageOfDepositOncePizuim_,txt
txtPercentageOfDepositOnceTagmul_,txt
txtPercentageOfDepositOnce_,txt
txtPercentageOfDepositPizuim,txt
txtPercentageOfDepositPizuim_,txt
txtPercentageOfDepositTagmul_,txt
txtPercentageOfDeposit_,txt
txtPercentageOfInvestmentInCompensation,txt
txtPercentageOfInvestmentInRewards,txt
txtPercentageOfTotalBalance,txt
txtPercentageOfTotalBalance_,txt
txtPercentageOwnerShip,txt
txtPercentageRate,txt
txtPercentageTotal,txt
txtPercentageTotal_,txt
txtPeriod,txt
txtPeriodBalon,txt
txtPeriodGrace,txt
txtPeriodInYears,txt
txtPeriodLoan,txt
txtPeriodicPaymentAmount,txt
txtPersonAccountNumberInKupa,txt
txtPersonAge,txt
txtPersonApartmentNumber,txt
txtPersonApartmentPoBox,txt
txtPersonApartmentPostalCode,txt
txtPersonApartmentPostalCodeEnglish,txt
txtPersonBankAccount,txt
txtPersonBankAccountType,txt
txtPersonBankBranch,txt
txtPersonBankBranchName,txt
txtPersonBankName,txt
txtPersonBankNameAndNumber,txt
txtPersonBankNumber,txt
txtPersonBirthCountry,txt
txtPersonBonus,txt
txtPersonBornCountryEnglish,txt
txtPersonBusinessPartnerPublicFigure,txt
txtPersonBusinessSector,txt
txtPersonBusinessType,txt
txtPersonCity,txt
txtPersonCityEnglish,txt
txtPersonCountry,txt
txtPersonCountryEnglish,txt
txtPersonCountryOfCitizenship,txt
txtPersonCountryOfResidency,txt
txtPersonCountryState,txt
txtPersonDateOfBirth,txt
txtPersonDateOfDeath,txt
txtPersonDayOfBirth,txt
txtPersonDebtsDetails,txt
txtPersonDividend,txt
txtPersonDmynihulHafkada,txt
txtPersonDmynihulZvira,txt
txtPersonDmynihulZviraForMaslulIndex_,txt
txtPersonDmynihulZviraForMaslul_,txt
txtPersonEmployerAddress,txt
txtPersonEmployerApartmentPostalCode,txt
txtPersonEmployerCity,txt
txtPersonEmployerContactFullName,txt
txtPersonEmployerFax,txt
txtPersonEmployerHouseNumber,txt
txtPersonEmployerID,txt
txtPersonEmployerMail,txt
txtPersonEmployerMobile,txt
txtPersonEmployerName,txt
txtPersonEmployerNameBeforeRetirment,txt
txtPersonEntranceToBuilding,txt
txtPersonExpatriate,txt
txtPersonExpatriateEnglish,txt
txtPersonExtraIncomes,txt
txtPersonExtraTluyim,txt
txtPersonFamilyStatus,txt
txtPersonFax,txt
txtPersonFirstName,txt
txtPersonFirstNameCRS,txt
txtPersonFirstNameEnglish,txt
txtPersonFullAddress,txt
txtPersonFullAddressEnglish,txt
txtPersonFullAdrees,txt
txtPersonFullBankAccount,txt
txtPersonFullName,txt
txtPersonFullNameEnglish,txt
txtPersonFullNameIdentifyKYC,txt
txtPersonFullNameWithNationalID,txt
txtPersonFullName_1,txt
txtPersonFullName_2,txt
txtPersonGender,txt
txtPersonHouseNumber,txt
txtPersonHouseNumberEnglish,txt
txtPersonHouseNumberInEnglish,txt
txtPersonIPercentSum_,txt
txtPersonITIN,txt
txtPersonIdentifyTypeKYC,txt
txtPersonKitzvaLeumi,txt
txtPersonKitzvaPensia,txt
txtPersonLastName,txt
txtPersonLastNameCRS,txt
txtPersonLastNameEnglish,txt
txtPersonLastRole,txt
txtPersonLastRoleBeforeRetirment,txt
txtPersonMail,txt
txtPersonMail_2,txt
txtPersonMaleOrFemale,txt
txtPersonMaritalStatus,txt
txtPersonMaslulAmount,txt
txtPersonMaslulCaspiChangeMaslulCode,txt
txtPersonMaslulCaspiChangeMaslulName,txt
txtPersonMaslulCaspiChangeMaslulNumber,txt
txtPersonMaslulCaspiChangeMaslulNumberName,txt
txtPersonMaslulGemelHafkadaPercent_,txt
txtPersonMaslulGemelPercent_,txt
txtPersonMaslulHishtalmutHafkadaPercent_,txt
txtPersonMaslulHishtalmutHafkada_,txt
txtPersonMaslulMhCaspiChangeMaslulName,txt
txtPersonMaslulPercent_,txt
txtPersonMaslulPizuimPercentDefult,txt
txtPersonMaslulPizuimPercent_,txt
txtPersonMaslulSum_,txt
txtPersonMaslulTagmulHafkadaPercent_,txt
txtPersonMaslulTagmulHafkada_,txt
txtPersonMaslulTagmulPercentDefult,txt
txtPersonMaslulTagmulPercent_,txt
txtPersonMobile,txt
txtPersonMonthOfBirth,txt
txtPersonNationalID,txt
txtPersonNationalIDCountry,txt
txtPersonNationalIDIdentifyKYC,txt
txtPersonNationalID_1,txt
txtPersonNotOwnerCity,txt
txtPersonNotOwnerDateOfBirth,txt
txtPersonNotOwnerFirstName,txt
txtPersonNotOwnerFullAddress,txt
txtPersonNotOwnerFullname,txt
txtPersonNotOwnerHouseApartmant,txt
txtPersonNotOwnerHouseNumber,txt
txtPersonNotOwnerID,txt
txtPersonNotOwnerLastName,txt
txtPersonNotOwnerMail,txt
txtPersonNotOwnerMobile,txt
txtPersonNotOwnerOccupation,txt
txtPersonNotOwnerPhone,txt
txtPersonNotOwnerPostalCode,txt
txtPersonNotOwnerSignatureDate,txt
txtPersonNotOwnerStreet,txt
txtPersonNumberInInstetue,txt
txtPersonNumberInInstitue,txt
txtPersonNumberPolicy,txt
txtPersonNumberPolicy_1,txt
txtPersonOccupation,txt
txtPersonOccupationBeforeRetire,txt
txtPersonOtherSalary,txt
txtPersonParentHelp,txt
txtPersonPartnerSignatureDate,txt
txtPersonPensiaEarly,txt
txtPersonPercentOrAmount,txt
txtPersonPercentOrAmount_,txt
txtPersonPhone,txt
txtPersonPhone_2,txt
txtPersonPosition,txt
txtPersonProfession,txt
txtPersonProximity,txt
txtPersonPurposeOfTransfer,txt
txtPersonRelationShip,txt
txtPersonRelationShipPercent,txt
txtPersonRentalProperty,txt
txtPersonRiskLevel,txt
txtPersonSCityCRS,txt
txtPersonSalary,txt
txtPersonSalaryGross,txt
txtPersonSalaryKind,txt
txtPersonSalaryNet,txt
txtPersonSignatureAndStampDate,txt
txtPersonSignatureDate,txt
txtPersonStartDateInsurance,txt
txtPersonStartDatePolicy,txt
txtPersonStateOfresidency,txt
txtPersonStateOfresidency_,txt
txtPersonStreet,txt
txtPersonStreetAndHouseNumber,txt
txtPersonStreetAndHouseNumberAndCity,txt
txtPersonStreetAndHouseNumberAndCityEnglish,txt
txtPersonStreetAndHouseNumberEnglish,txt
txtPersonStreetAndHouseNumber_2,txt
txtPersonStreetAndNumberCRS,txt
txtPersonStreetEnglish,txt
txtPersonStreetInEnglish,txt
txtPersonStreetandcity,txt
txtPersonTIN_,txt
txtPersonTaxCountryEnglish_,txt
txtPersonTaxCountry_,txt
txtPersonTaxID_,txt
txtPersonTheVolumeOfAssets,txt
txtPersonWork,txt
txtPersonWorkStatus,txt
txtPersonWorkingPhone,txt
txtPersonYearOfBirth,txt
txtPhoneInspector,txt
txtPhoneNumberAprroval,txt
txtPhoneOther,txt
txtPhoneReseller,txt
txtPhoneSochen,txt
txtPizuimDeposit,txt
txtPlanner,txt
txtPlannerApartmentPostalCode,txt
txtPlannerCity,txt
txtPlannerFirstName,txt
txtPlannerFullAddress,txt
txtPlannerFullName,txt
txtPlannerHouseNumber,txt
txtPlannerIsWorkForCompany,txt
txtPlannerLastName,txt
txtPlannerMail,txt
txtPlannerMobile,txt
txtPlannerName,txt
txtPlannerNameWithOfficeName,txt
txtPlannerNationalID,txt
txtPlannerNumber,txt
txtPlannerOfficePhoneNumber,txt
txtPlannerOfficePhoneNumberAndFaxWithHeaders,txt
txtPlannerPensyoniLisenceNumber,txt
txtPlannerPhone,txt
txtPlannerSignatureDate,txt
txtPlannerStreet,txt
txtPlannerStreetAndHouseNumber,txt
txtPlannerStreetAndHouseNumberAndCity,txt
txtPlannerStreetAndHouseNumberAndCityAndMikud,txt
txtPlannerStreetAndHouseNumber_2,txt
txtPlannerStreetandcity,txt
txtPlannerType,txt
txtPolicyOwnerDate,txt
txtPolicyOwnerFirstName,txt
txtPolicyOwnerLastName,txt
txtPolicyOwnerName,txt
txtPolicyOwnerNationalID,txt
txtPreviousPersonMaslulByIndex_,txt
txtPreviousPersonMaslulPercent_,txt
txtPreviousPersonNameMaslulByIndex_,txt
txtPreviousPersonNameMaslulPercentsByIndex_,txt
txtPreviousPersonNameMaslulSumsByIndex_,txt
txtProductManangmentPlace,txt
txtProductType,txt
txtProgramNumber,txt
txtPropertyCity,txt
txtPropertyEnough,txt
txtPropertyEstimatedValue,txt
txtPropertyRoomNumber,txt
txtPropertySize,txt
txtPropertyType,txt
txtProximityToMotav,txt
txtProximityToTheInsured,txt
txtPublicManProximity,txt
txtPurposeLoan,txt
txtPurposeOfEngagement_,txt
txtReason,txt
txtReasonForWithdrawal,txt
txtRecommandations,txt
txtReduction,txt
txtRefusalToOpen,txt
txtRegistrationNumber,txt
txtReminds,txt
txtRepresentativeFirstName,txt
txtRepresentativeFullName,txt
txtRepresentativeLastName,txt
txtResellerFactorSignatureDate,txt
txtRetiredAgeExpected,txt
txtRetirementAgeMaslul,txt
txtRetirementAgeMaslul_1,txt
txtRiskInsuranceType,txt
txtRiskLevelRangeSum_,txt
txtRiskLevelRangeUnknownPercents_,txt
txtSecondPersonApartmentPostalCode,txt
txtSecondPersonCity,txt
txtSecondPersonDateOfBirth,txt
txtSecondPersonFirstName,txt
txtSecondPersonFirstNameEnglish,txt
txtSecondPersonFullName,txt
txtSecondPersonGender,txt
txtSecondPersonHouseNumber,txt
txtSecondPersonITIN,txt
txtSecondPersonLastName,txt
txtSecondPersonLastNameEnglish,txt
txtSecondPersonMail,txt
txtSecondPersonMobile,txt
txtSecondPersonNationalID,txt
txtSecondPersonPhone,txt
txtSecondPersonSignatureDate,txt
txtSecondPersonStreet,txt
txtSecondPersonStreetAndHouseNumber,txt
txtSecondPersonStreetAndHouseNumberAndCity,txt
txtSectionAExtraTaxCountry1_Country,txt
txtSectionAExtraTaxCountry1_TIN,txt
txtSectionAExtraTaxCountry2_Country,txt
txtSectionAExtraTaxCountry2_TIN,txt
txtSectionBExtraTaxCountry1_Country,txt
txtSectionBExtraTaxCountry1_TIN,txt
txtSectionBExtraTaxCountry2_Country,txt
txtSectionBExtraTaxCountry2_TIN,txt
txtSectionBExtraTaxCountry3_Country,txt
txtSectionBExtraTaxCountry3_TIN,txt
txtSecuritiesTransfer,txt
txtSendAnEmailTo,txt
txtSendByFax,txt
txtSeveralMonths,txt
txtShairimPercentageRate,txt
txtShutfutMugbeletName,txt
txtSignAndstampOfemployerSignatureDate,txt
txtSignatureDateOther,txt
txtSignatureDay,txt
txtSignatureMakneDate,txt
txtSignatureMonth,txt
txtSignatureOfParentDate,txt
txtSignatureYear,txt
txtSigntureDateOfAccountOwner,txt
txtSourceOfFunds,txt
txtStartInsurance_m,txt
txtStartInsurance_y,txt
txtStateIssuingIdentificationDocument_,txt
txtStateIssuingPassport,txt
txtStreetOther,txt
txtStreetOtherEnglish,txt
txtSumFullPidyon,txt
txtSumOfDeposit_,txt
txtSumOfLoan_,txt
txtSumPartialPidyon,txt
txtSumPartialPidyon_1,txt
txtSuppliersName,txt
txtTaagidCorporateSignatureDate,txt
txtTargetOfAssets,txt
txtTargetOfRisks,txt
txtTaxAmountPayment,txt
txtTaxOfficeName,txt
txtTeam,txt
txtTemp,txt
txtTemp1,txt
txtTemp2,txt
txtTemplateFullWidth,txt
txtTemplateNimuk,txt
txtTempp1,txt
txtTempp2,txt
txtTempp3,txt
txtTempp7,txt
txtTempp8,txt
txtTempp9,txt
txtTempppp1,txt
txtTempppp2,txt
txtTempppp3,txt
txtToAContact,txt
txtTotalAmount_,txt
txtTotalExpectedDepositAmount,txt
txtTransactionAmount,txt
txtTransferringPlan,txt
txtTreasuryNumber,txt
txtTypeOfCurrency,txt
txtTypeOfInvestment,txt
txtTypePersonPartner,txt
txtUSTin,txt
txtUSTin_2,txt
txtVerificationOperationName,txt
txtVerifiesName,txt
txtWeight,txt
txtWhyPolicyInIsrael,txt
txtWorkerName,txt
txtWorkingAmount,txt
txtYearPidyon,txt
txtYears,txt
txtYearsTomaturity,txt
txtYerushaExpected,txt
txtfAccountOwnerCity,txt
txtfAccountOwnerStreet,txt
txtpersonfilltext,txt
txtplannerfilltext,txt
txtsecondpersonfilltext,txt
txttxtMhKupaName,txt
